2015,1,14,0,5.1,1.4,55,1020.7,7
2015,1,15,29.5,6.4,0,77,1005.4,9.5
2015,1,16,0,6.6,9.5,56,1008.8,0.5
2015,1,17,0,4.2,4.2,64,1007.1,5.5
2015,1,18,0,3.7,9.6,59,1014,2
2015,1,19,0,4.3,5,70,1009.2,6.8
2015,1,20,0,4.8,9.1,60,1017.1,0
2015,1,21,0,5.7,1.9,56,1018.3,8.5
2015,1,22,30.5,6.5,0,92,1002.5,10
2015,1,23,0,6.7,9,55,1005,2.3
2015,1,24,0,5.7,8.4,51,1016.4,2.8
2015,1,25,0,7.3,7.8,64,1020.6,5.5
2015,1,26,29.5,7.1,1.8,79,1015.2,8.3
2015,1,27,4,8.9,3.7,75,1005.5,5.8
2015,1,28,0,3.5,8,41,1014.2,1.8
2015,1,29,0,3,5.7,44,1019.8,5.3
2015,1,30,11,4.8,0,83,1009.5,7.5
2015,1,31,0,3.7,9.1,62,1011.2,4
2015,2,1,0,2.9,9.7,50,1018,1.5
2015,2,2,0,3.8,8.8,44,1018.2,3.3
2015,2,3,0,4.6,9.6,43,1017,2
2015,2,4,0,4.7,9.3,46,1013.2,4.5
2015,2,5,0,5.6,6.7,56,1005.8,5.8
2015,2,6,0,5.5,10.1,54,1012.4,0.3
2015,2,7,0,5.3,7,49,1015.4,6.8
2015,2,8,9,4.5,1.8,72,1006.4,6.3
2015,2,9,0,0.7,4.1,65,1008.5,6.3
2015,2,10,0,1.6,4.3,69,1008.6,6
2015,2,11,0,5.2,9.1,67,1007.6,7.3
2015,2,12,0.5,6.3,7.3,65,1000.7,5.5
2015,2,13,0.5,2.2,4.2,71,1003.2,7
2015,2,14,0,3.1,7.6,68,1010.6,3
2015,2,15,0,5.9,4.8,56,1011,6.3
2015,2,16,0,5.8,8.4,40,1008.4,6
2015,2,17,2,5.1,0,83,1004.3,8.5
2015,2,18,1,6.2,7.6,73,1003,5.3
2015,2,19,0,6.5,10.7,57,1007.4,1.3
2015,2,20,0,6.3,10.7,51,1015.8,0.3
2015,2,21,0,6.9,4,62,1019.9,5.8
2015,2,22,6,10.7,0.8,84,1014.1,10
2015,2,23,3,11.3,1.8,73,1007.3,7.5
2015,2,24,0,8.4,6.9,55,1008,5.3
2015,2,25,0,8.6,5.8,52,1011.9,5
2015,2,26,13,8.2,0,86,1009.3,10
2015,2,27,0,5.9,3.9,64,1009.1,4.3
2015,2,28,0,6.9,9.7,47,1017.9,5.3
2015,3,1,35,7.5,0,83,1005.9,9.5
2015,3,2,0,7.5,10.4,48,1008.6,1
2015,3,3,10,6,0.8,63,1010.2,7.5
2015,3,4,11,9.3,4.9,61,1002.9,8.5
2015,3,5,0,6.3,10.5,43,1012.6,6
2015,3,6,0,7.2,0.7,47,1015.8,10
2015,3,7,12,8.8,0,74,1013.9,10
2015,3,8,4,11.6,10.8,69,1013,6
2015,3,9,15,10.2,0.1,77,1005.9,10
2015,3,10,1.5,4,6.7,73,1000.7,6
2015,3,11,0.5,2.5,3.3,64,1008.7,8
2015,3,12,0,5.4,8.1,54,1009.8,5.8
2015,3,13,0,6.7,10.2,51,1013,3.8
2015,3,14,0,7.2,5.4,61,1015,6
2015,3,15,0,8.1,2.9,56,1018.5,9.3
2015,3,16,2,12.2,1.4,74,1014.9,10
2015,3,17,0,14.9,9.5,67,1012.6,4.5
2015,3,18,31.5,15.2,6.6,67,1009.9,9
2015,3,19,11.5,15,0.4,91,1001.8,7.5
2015,3,20,0,13.9,6.4,65,1006.6,5.5
2015,3,21,0,12.6,6.9,63,1008.2,3.3
2015,3,22,0,14.2,8.9,55,1007.3,4.5
2015,3,23,0,7.9,6.1,46,1010.5,4.3
2015,3,24,0,5.8,10.4,55,1017.1,1.8
2015,3,25,0,6.5,11,49,1022.7,0.3
2015,3,26,0,8.7,11.9,33,1024,0
2015,3,27,0,11.3,11.9,37,1019.1,0
2015,3,28,0,13.7,8.4,47,1013.3,5
2015,3,29,5,11.6,0.7,78,1010,5.8
2015,3,30,0,13.9,11.3,57,1012.5,0
2015,3,31,0,15.6,11.1,60,1013.2,1.5
2015,4,1,7,13.8,0,86,1006.2,10
2015,4,2,0,12.5,0.5,71,1011.6,7.8
2015,4,3,6.5,13.4,0,90,1005.6,10
2015,4,4,0.5,16.9,4.1,82,1008.3,10
2015,4,5,23.5,13.5,0,95,1009.5,10
2015,4,6,9,15.7,0,88,1006.1,10
2015,4,7,0.5,10.7,0.2,72,1009.4,10
2015,4,8,4,8.8,3,69,1015.1,8.5
2015,4,9,0,11.2,3.2,62,1018.7,10
2015,4,10,8.5,10.7,0,82,1016.1,10
2015,4,11,5,13.8,8.2,71,1013.9,6.3
2015,4,12,0,14.1,3.7,60,1020.8,10
2015,4,13,19.5,12.6,0,88,1012,10
2015,4,14,29.5,13.9,0,96,1002.8,10
2015,4,15,7.5,13.4,3.1,74,999.7,7.8
2015,4,16,0,14.8,8.1,61,1006.9,8.5
2015,4,17,1.5,13.7,5.9,54,1007.3,7
2015,4,18,0,14.1,11.1,38,1012.5,8.3
2015,4,19,0.5,13.8,0.2,69,1010.5,10
2015,4,20,25.5,17.6,0,92,999.4,10
2015,4,21,0,15.4,9,59,1002.6,7.5
2015,4,22,0,17,5.1,64,1010.8,7
2015,4,23,0,19.2,9.2,49,1013.2,6.3
2015,4,24,0,18.9,8.5,55,1012.5,8.8
2015,4,25,0,18.8,12.5,35,1010.4,1.5
2015,4,26,0,18.1,11.2,59,1013.6,0
2015,4,27,0,20.4,12.3,57,1011.9,0
2015,4,28,0,20.3,8.4,65,1011.5,7.8
2015,4,29,0,19.8,6.5,62,1009.4,9.5
2015,4,30,0,19.9,11.1,62,1008.4,4
2015,5,1,0,20.8,12.4,61,1008.1,1.3
2015,5,2,0,21.6,12.5,57,1009.2,0
2015,5,3,0.5,20.6,6.2,68,1007.1,8.8
2015,5,4,8.5,18.2,0,90,1000,10
2015,5,5,0,19.1,11.2,49,1001.7,4.3
2015,5,6,0,18.9,8.1,59,1006.5,8.3
2015,5,7,0,20.8,5.8,55,1005.1,8.8
2015,5,8,0,22,12.5,51,1005.4,4.3
2015,5,9,0,19.4,0.1,64,1004.6,8.5
2015,5,10,0,19.3,12.9,39,1007.7,0.8
2015,5,11,0,17.5,9.4,44,1015.2,7.8
2015,5,12,43.5,18.5,0,80,1003.6,10
2015,5,13,0,20.4,12.8,50,1002.8,2.5
2015,5,14,0,21.9,8.5,47,1007,5
2015,5,15,0.5,23.4,8.2,67,1004.4,8
2015,5,16,16,21,1.8,76,997.8,9.8
2015,5,17,0,21.2,10.5,47,1003.8,8
2015,5,18,9,20.4,2.6,70,1004.3,10
2015,5,19,16,20.3,4.9,77,998.4,8.5
2015,5,20,2,21.8,12.5,57,996.1,6.5
2015,5,21,2,18.9,13.7,47,1002.5,1
2015,5,22,0,19.8,9,46,1008.2,7.3
2015,5,23,0,21.1,3.1,49,1006.6,10
2015,5,24,0,21.8,10,55,1002.1,7.8
2015,5,25,0,21.7,4,66,1002.6,9.5
2015,5,26,0,24.6,13.4,49,1001.7,0.3
2015,5,27,0,25.7,12.7,39,1002.8,4
2015,5,28,0,23.3,9.1,61,1006,7
2015,5,29,0,23.9,3.8,63,1000.6,8.8
2015,5,30,0,26.2,10.5,46,995.9,6
2015,5,31,0,25.6,9.1,48,996.7,7.3
2015,6,1,0,23.7,4.9,56,1004.9,9.8
2015,6,2,0,23.5,4.5,66,1005.3,9.8
2015,6,3,32.5,21.6,0,80,996.2,9.8
2015,6,4,0,21.4,12.6,43,1000.4,4.3
2015,6,5,27.5,16.7,0.3,69,1002.3,10
2015,6,6,2.5,19.8,11.3,67,1001.9,6
2015,6,7,0,21.1,3.3,62,1011.8,8.8
2015,6,8,7,19.6,0,73,1008.3,9.3
2015,6,9,15.5,19.9,0,85,998.2,10
2015,6,10,0,23.4,11,62,1001.8,7.5
2015,6,11,7.5,21.1,0,80,1003.4,10
2015,6,12,18.5,22.5,4.2,83,998.9,9.3
2015,6,13,0,25.6,7.5,54,1003,6.8
2015,6,14,0,23.3,0.3,72,1003.9,10
2015,6,15,0,25.1,9.7,63,1002.3,10
2015,6,16,0,23.3,0.4,76,998.5,9.8
2015,6,17,6,23.4,4.9,73,999.2,10
2015,6,18,0.5,21.9,0.3,74,1001.9,10
2015,6,19,1,21.4,0,78,1000,10
2015,6,20,0,22.8,2.8,72,1001.8,10
2015,6,21,31,21,1.6,83,1003.5,9
2015,6,22,0,22.9,3.2,74,1005.7,9.3
2015,6,23,1,24.4,9,70,1005.3,8.8
2015,6,24,0,24.8,11.3,67,1003.5,8
2015,6,25,0,24.6,5.4,69,1001,9.8
2015,6,26,38.5,21.2,0,89,996.5,10
2015,6,27,1.5,22.4,1.8,78,993.9,9.5
2015,6,28,0,22.5,12.3,59,997.7,5.3
2015,6,29,0,22.3,4.2,64,1002.7,9.5
2015,6,30,5.5,22.2,0.9,74,998.6,10
2015,7,1,47,20.7,0,89,989.5,10
2015,7,2,0,24.3,5.1,73,996.2,10
2015,7,3,20,23.2,1.1,85,998.8,10
2015,7,4,7.5,22.4,0,90,1003,10
2015,7,5,3,21.2,0,87,1004.4,10
2015,7,6,5.5,21,0,93,1005.4,10
2015,7,7,8.5,22,0,91,1007,10
2015,7,8,1.5,23.4,0,89,1008,10
2015,7,9,26.5,24.1,0.1,91,1008,10
2015,7,10,0,24.3,0.1,82,1008.7,8
2015,7,11,0,26.6,9.2,74,1006.4,9.8
2015,7,12,0,27.7,9.5,75,1004,8.8
2015,7,13,0,28.5,2.8,78,1001.6,9.5
2015,7,14,0,28.6,9.5,73,1001.5,4.3
2015,7,15,0.5,28.5,9,65,1000.9,5.5
2015,7,16,53,26.4,1.3,85,996.7,10
2015,7,17,4,26.3,0,84,997.9,10
2015,7,18,10,26,0.1,87,1003.8,10
2015,7,19,0,27.5,0.4,80,1008,10
2015,7,20,0,28.6,11.4,72,1008.4,5.3
2015,7,21,0,27.4,6.7,72,1007.5,6.8
2015,7,22,17,25.7,0.9,85,1006.1,8.5
2015,7,23,23.5,25,0.1,91,1006.2,9.5
2015,7,24,0,28.9,6,70,1005.2,9
2015,7,25,0,30.4,11.7,64,1004.5,9.3
2015,7,26,0,30.8,13,58,1005.2,9.8
2015,7,27,0,29.6,7.4,66,1001.9,5.3
2015,7,28,0,29.7,10.1,66,1000.6,6.8
2015,7,29,0,30.8,9.4,61,1001,8
2015,7,30,0,30.3,7.6,66,1002.4,2.8
2015,7,31,0,31.3,12.2,61,1002.9,1.3
2015,8,1,0,31.9,12.6,58,1004.1,0.5
2015,8,2,0,31.1,10,66,1005.5,4
2015,8,3,0,30.4,7,66,1005.2,5.8
2015,8,4,0,30.7,9.3,67,1004,7.5
2015,8,5,0,30.4,10.9,66,1004.4,3.8
2015,8,6,0,29.7,3.7,70,1007.2,8
2015,8,7,2,30.5,9.1,66,1008.4,8.3
2015,8,8,0,30.1,9.9,66,1006.4,8.5
2015,8,9,0,29.8,8.4,63,1003.4,8.5
2015,8,10,0,30.8,10.8,60,1001,9.8
2015,8,11,0,30.4,11.5,56,999.3,9.3
2015,8,12,0,30.2,4.7,51,998.9,9.8
2015,8,13,20.5,26.4,1.4,83,996.2,10
2015,8,14,0,29.2,7.8,67,997.4,7.3
2015,8,15,0,29.1,12.5,56,1001,1.3
2015,8,16,1,28.4,5.7,67,1002.3,7.5
2015,8,17,36,25.9,0.4,87,999.8,9.8
2015,8,18,0,28.3,9.8,67,1003.5,7
2015,8,19,0,27.9,1.4,65,1006.2,10
2015,8,20,49,25.6,0.1,87,1004.3,10
2015,8,21,5.5,26.5,0.4,84,999.9,10
2015,8,22,0,28,6.2,72,996.1,6
2015,8,23,0,28.3,6.5,61,996.9,9.3
2015,8,24,0,27.5,7.1,66,999.6,6.5
2015,8,25,7.5,24.6,0.9,71,997.8,10
2015,8,26,34,25.2,3,86,997.2,8.8
2015,8,27,32,26.4,7.1,72,1001.4,7.5
2015,8,28,18,24.8,1.5,88,1004,10
2015,8,29,74,24.3,0.9,86,1004.7,10
2015,8,30,17,24.7,0,90,1003.9,10
2015,8,31,0,25.3,0.4,81,1007.2,10
2015,9,1,40.5,25.2,0.3,87,1006.3,10
2015,9,2,4,26.7,7.4,71,1005.4,7.3
2015,9,3,5.5,23.7,0.1,84,1005.9,10
2015,9,4,0,24.8,8.6,70,1003.6,3
2015,9,5,0,24.9,9.2,60,1004.1,5.8
2015,9,6,53.5,22.9,0,88,999.3,10
2015,9,7,1,24.1,0.3,85,998.7,10
2015,9,8,43.5,22,0,95,1002.6,10
2015,9,9,49,22.5,1.2,86,997.6,9.8
2015,9,10,0,23.8,7.9,75,1000.9,5.8
2015,9,11,0,22.7,11.6,61,1000.5,2
2015,9,12,0,23.5,11.1,58,1003.6,4.8
2015,9,13,0,24.2,5.8,62,1006.4,9.3
2015,9,14,0,22.9,10.6,54,1012.4,4.5
2015,9,15,0,23.7,7.1,63,1012.8,10
2015,9,16,0.5,22,0.6,76,1011.1,10
2015,9,17,34.5,19.7,0,96,1006.6,10
2015,9,18,0.5,22.1,6,77,1004.1,5.3
2015,9,19,0,22.8,8.8,61,1001.9,5
2015,9,20,0,23.4,10.2,59,1002.7,7.3
2015,9,21,0,23.4,4.2,67,1006.5,7
2015,9,22,0,23.6,9.7,69,1010.2,4.8
2015,9,23,0,23.7,3.7,64,1008.9,8
2015,9,24,0.5,21.3,0,72,1003.3,10
2015,9,25,27,20,0,92,998.1,10
2015,9,26,0.5,23,2.9,83,1002,9.5
2015,9,27,1.5,23.8,3.4,75,1004.9,8
2015,9,28,0,23.3,11.3,60,1009.6,4.3
2015,9,29,0,22.7,10.7,46,1013,4.5
2015,9,30,0,20.1,6.8,46,1016.1,7
2015,10,1,16,18.5,0,84,1006.5,10
2015,10,2,13,21.5,8.4,63,1002,4.5
2015,10,3,0,19.6,10.7,61,1010.7,2
2015,10,4,0,20,8.4,56,1013.9,3.8
2015,10,5,0,18.6,1.5,56,1014.6,9.8
2015,10,6,0,19.6,7.4,62,1010.9,7
2015,10,7,0,19.4,11.2,49,1005.8,0
2015,10,8,0,18.9,10.9,48,999.9,2.8
2015,10,9,0,19.1,8.1,59,1003,5
2015,10,10,2,17.8,0.1,72,1006.7,8.3
2015,10,11,24.5,18.3,0,86,1005.2,8
2015,10,12,0,17.4,7.4,65,1008.3,3.5
2015,10,13,0,17.5,8.5,61,1009.4,1.3
2015,10,14,0,17.9,10.9,51,1011.8,0
2015,10,15,0,17,5.8,56,1013.5,6
2015,10,16,0,18.7,10.8,63,1011.3,1.8
2015,10,17,0,20.4,7.3,61,1010.6,7.3
2015,10,18,0,20.6,10.8,62,1010,0
2015,10,19,0,19.4,10.5,66,1009.6,0.8
2015,10,20,0,20,8.4,66,1008.4,9.3
2015,10,21,0,19.9,7.8,64,1011.2,5.5
2015,10,22,0,19.5,9.8,65,1011.4,1.3
2015,10,23,0,19.1,7.6,67,1012.4,4
2015,10,24,0,19.8,8.5,65,1008.4,3.3
2015,10,25,0,15.8,10.6,36,1012,0.8
2015,10,26,0,14.6,10.5,49,1015.1,4.3
2015,10,27,5,18,6.2,66,1009.1,7.5
2015,10,28,4,17.8,10.1,66,1005.8,3
2015,10,29,0,16.2,8.9,53,1012.2,6.3
2015,10,30,0,15.3,5.6,58,1014.5,9.5
2015,10,31,0,13.1,7.9,53,1017.5,5.8
2015,11,1,0,12.7,5.9,56,1018.6,7.5
2015,11,2,20.5,12.5,0,86,1012.7,9.8
2015,11,3,0,15,10.3,66,1017.8,0.3
2015,11,4,0,15.4,9.8,65,1023.6,1.8
2015,11,5,0,15.8,10.2,70,1020.5,1.3
2015,11,6,0,17.5,9.9,70,1018,1.8
2015,11,7,0,17.6,0.1,69,1019.8,8.8
2015,11,8,22.5,15.2,0,92,1014.1,10
2015,11,9,14.5,17.6,0,97,1006.2,10
2015,11,10,0.5,17.7,9,72,1007.9,5.3
2015,11,11,0,14.5,9.3,56,1018.7,6.5
2015,11,12,0,14.1,7.5,66,1022.6,5.8
2015,11,13,0,13.9,0.2,72,1020.3,10
2015,11,14,6.5,16.1,0,82,1011.5,10
2015,11,15,11.5,17.1,5.2,80,1007.8,6
2015,11,16,0,16.3,4,70,1013.6,7.5
2015,11,17,17,17.2,1.2,85,1012.8,10
2015,11,18,19.5,16.5,0.1,97,1008.3,10
2015,11,19,0.5,15.3,7.7,71,1010.4,5.5
2015,11,20,0,14.7,3.9,73,1014,7.3
2015,11,21,0,14.9,7.9,63,1017,8
2015,11,22,0,14.5,0.4,75,1019.4,9.8
2015,11,23,0,15.1,0,79,1016.1,9.8
2015,11,24,0,15.4,5.8,65,1010,5.5
2015,11,25,13.5,9.8,0,72,1008.6,10
2015,11,26,10.5,10.6,1.2,80,1001.8,7.5
2015,11,27,0,7.8,7.4,56,1009.3,2
2015,11,28,0,8.6,6.5,69,1018,4.5
2015,11,29,0,9.1,4.6,69,1019.5,7.3
2015,11,30,0,9.6,8.3,68,1015.5,4
2015,12,1,0,10.7,9.6,59,1016.6,1.3
2015,12,2,0,11.1,8.5,63,1015.7,6.8
2015,12,3,9,11.5,1.3,73,1000.8,7.5
2015,12,4,0,8.6,2.4,47,1005.8,6
2015,12,5,0,9.2,6.2,55,1012.8,7.3
2015,12,6,0,9.1,0.1,58,1017.7,8.3
2015,12,7,0,9.5,9.4,47,1018.9,3.3
2015,12,8,0,9.5,9.6,50,1020.3,0
2015,12,9,0,8.5,8.6,58,1025.3,3.3
2015,12,10,3.5,11.1,0.4,71,1018.4,9.8
2015,12,11,45,17.4,2.6,73,995.4,7.3
2015,12,12,0,12.6,4.3,58,1012.1,5.8
2015,12,13,0.5,13.1,2.8,72,1012.5,8.8
2015,12,14,0,11.9,0.3,69,1012.6,10
2015,12,15,0,13.7,2.1,75,1009.1,10
2015,12,16,0,11.7,0.9,75,1004.3,7
2015,12,17,0,7.2,7.2,62,1008.7,3.3
2015,12,18,0,6.1,9.5,55,1018.6,0.8
2015,12,19,0,6.5,9.4,53,1022.1,0.3
2015,12,20,0,7,8.2,54,1023.5,3.8
2015,12,21,5.5,7.9,0.1,89,1017.7,10
2015,12,22,0,8.8,8.5,66,1018.8,3.3
2015,12,23,17,7.8,0,78,1016.5,9.8
2015,12,24,2.5,12.1,9,78,1006.1,4.5
2015,12,25,0,10.1,5,66,1004.3,6.5
2015,12,26,0,8.1,8.3,58,1009.3,2.5
2015,12,27,0,7.3,5.1,53,1013.9,5.5
2015,12,28,0,5.3,7.3,57,1017.5,3
2015,12,29,0,5.6,7.4,64,1019.1,4.3
2015,12,30,0,5.1,9.2,64,1020.4,0.3
2015,12,31,0,5.7,8.3,67,1017.1,2.8
2016,1,1,0,6.1,9.5,58,1021.2,0
2016,1,2,0,6.3,7.7,61,1018.6,6.8
2016,1,3,0,8.2,8,70,1012.7,6.3
2016,1,4,0,9.8,6.6,67,1010.8,3.3
2016,1,5,0,9.1,4.2,63,1013.3,4.8
2016,1,6,0,9.1,1.7,64,1011.8,10
2016,1,7,0,8.5,4.9,60,1008.9,6.3
2016,1,8,0,7,6.7,63,1009.7,2.5
2016,1,9,0,6.9,9.2,57,1013,0.8
2016,1,10,0,6.3,7.1,62,1014.3,7
2016,1,11,0,7.3,6.5,65,1012.3,7.8
2016,1,12,0,6.5,2.4,57,1007.8,6
2016,1,13,0,5.2,5.9,53,1008.2,4.8
2016,1,14,0,5.8,6.4,49,1009.4,3.8
2016,1,15,0,5.5,6.8,57,1011.6,3
2016,1,16,0,5.2,9.4,59,1013.7,2.3
2016,1,17,2,5.1,4.3,57,1012.8,7.5
2016,1,18,14.5,7,1.3,83,992.1,9
2016,1,19,0,3,7.8,43,1000.7,4.8
2016,1,20,5.5,2.3,5.3,73,1007.9,5.3
2016,1,21,0,3.6,6.4,62,1013.6,5.8
2016,1,22,0,4.1,8.7,48,1014.8,6
2016,1,23,0,1.8,0,61,1011.9,8.5
2016,1,24,0,0.5,8.9,36,1005,1.5
2016,1,25,0,0.1,7.9,68,1014.4,6.8
2016,1,26,0,3.4,9.5,59,1018.3,3.3
2016,1,27,0,5.3,5.1,59,1020.6,3.5
2016,1,28,0,6.9,7.2,58,1021.2,5
2016,1,29,27.5,7,0,89,1013.4,10
2016,1,30,5.5,8,1.3,72,1010.8,10
2016,1,31,0,7.5,9.4,49,1015.1,4.8
2016,2,1,0,6.8,0,66,1012.7,10
2016,2,2,0,6,7.3,41,1012.1,6.8
2016,2,3,0,4.7,10.2,41,1015.6,0
2016,2,4,0,5.1,8.9,48,1014.9,3.8
2016,2,5,0,6.7,7.7,56,1010.9,5.8
2016,2,6,0,5.5,2.8,60,1007.4,5.5
2016,2,7,0,4.4,10.3,42,1010,0
2016,2,8,0,4.1,10.3,45,1011.5,1.3
2016,2,9,1.5,4.1,1.8,72,1007.7,6.8
2016,2,10,0,4,10,57,1016.7,0.8
2016,2,11,0,5.7,10.3,49,1023,0
2016,2,12,0,7.3,0,62,1023.5,8.3
2016,2,13,18,10.2,0,84,1012.9,10
2016,2,14,15.5,15.4,3.3,79,996.8,10
2016,2,15,0,7.4,6,53,999.8,6
2016,2,16,0,3.7,2.9,54,1008.3,5.3
2016,2,17,0,4.3,8.2,62,1012,3.5
2016,2,18,0,5.1,10.2,51,1018.8,2.5
2016,2,19,0,8.4,9,48,1020.8,2.8
2016,2,20,27,7.2,0,81,1011,10
2016,2,21,0,7.8,7.5,52,1013.7,4.8
2016,2,22,0,7.1,2.6,47,1022.1,10
2016,2,23,0,9.2,7.4,52,1016.3,7.3
2016,2,24,0,5.8,10.4,42,1017.1,1
2016,2,25,0,4.7,10.8,47,1020.9,1.3
2016,2,26,0,4.5,8.2,60,1021.1,3
2016,2,27,0.5,6.3,7.9,62,1020.1,4.5
2016,2,28,0,9.4,10,56,1017.8,0.8
2016,2,29,2,7.3,0.2,64,1006.2,8
2016,3,1,0,2.9,10.2,51,1013.9,1.8
2016,3,2,0,5.1,7.7,56,1017.6,3.8
2016,3,3,0,7.8,9.9,57,1019,2.8
2016,3,4,0,10.7,10.3,50,1022.4,1.3
2016,3,5,0,12.8,2.4,58,1023.3,7.5
2016,3,6,0.5,15.4,2,71,1017.7,10
2016,3,7,0,15.5,0,86,1010.1,10
2016,3,8,0,15.6,7.9,69,1008.9,6.5
2016,3,9,23.5,10.5,0,78,1006.8,10
2016,3,10,0,7.8,3,56,1009.6,9.8
2016,3,11,0,7.8,10.9,45,1011,3.3
2016,3,12,0,6.8,11.5,43,1015.2,0
2016,3,13,2,7.9,3.5,53,1016.4,7.5
2016,3,14,21,6.4,0,83,1006.6,8
2016,3,15,0,7.9,11.5,45,1010.5,0
2016,3,16,0,8,3.4,55,1016.7,7.8
2016,3,17,0,12.8,11.4,50,1015.4,2
2016,3,18,12,13.8,5.2,66,1012.3,9
2016,3,19,52,15.3,4.8,77,1001.1,7.5
2016,3,20,0,11.1,11.3,50,1006.3,0
2016,3,21,0,9.5,11.3,41,1011,0
2016,3,22,0,10.3,10.9,43,1010.5,0.5
2016,3,23,0,12.1,7.7,49,1007.6,6.5
2016,3,24,0,9.6,10,39,1009.1,3.3
2016,3,25,0,7.3,11.1,47,1012.8,3.5
2016,3,26,0,8.4,11.7,43,1012.9,1.8
2016,3,27,0,10.4,8.9,47,1011.8,6
2016,3,28,0,12.2,8.8,51,1011.9,4
2016,3,29,0,12.6,8.1,46,1016.5,5
2016,3,30,0,14.9,9,48,1013.5,8
2016,3,31,0,15.5,8.3,40,1011.9,7.5
2016,4,1,1.5,13.5,0,69,1010.8,10
2016,4,2,0,16.2,4.6,67,1015.8,9.5
2016,4,3,1,17.2,0.1,66,1015.2,10
2016,4,4,53.5,15.9,1.7,84,1001.6,10
2016,4,5,0,14.1,6,50,1006.8,5.3
2016,4,6,0,15.3,8.3,46,1012.4,9
2016,4,7,40.5,12.5,0,86,1004.5,10
2016,4,8,0,15,2.5,64,1004.8,6.5
2016,4,9,0,16.4,8.3,53,1008.2,9.8
2016,4,10,0,16.6,0.5,52,1004,10
2016,4,11,0,12.5,11.1,41,1008.1,5.5
2016,4,12,0,11.3,6.6,47,1015.4,8
2016,4,13,22.5,14.2,0,76,1008.3,10
2016,4,14,6.5,17.6,8.3,73,998.9,6
2016,4,15,0,15.8,12,37,1009.1,0.3
2016,4,16,0,15.9,11.7,48,1014.1,6
2016,4,17,9.5,20,6.3,63,1002.1,5.3
2016,4,18,0,16,2.4,47,1005.5,8.3
2016,4,19,0,14.6,11.5,42,1013,1.8
2016,4,20,0,15.2,9.8,55,1017.9,5.3
2016,4,21,42.5,15.5,0,82,1007.7,10
2016,4,22,1.5,17.8,11.2,70,1000.1,7.3
2016,4,23,1,18.7,3.5,69,1004.9,10
2016,4,24,2,18.3,6.1,66,1005.8,10
2016,4,25,0,18.8,6.6,63,1011.8,9.5
2016,4,26,0,19.6,11.7,63,1010.2,4.5
2016,4,27,5,17.6,0,80,1005.2,10
2016,4,28,13,14.7,0,89,992.7,10
2016,4,29,0,13.9,12.4,47,998.9,2.5
2016,4,30,0,15.8,12.3,45,1007.5,1.3
2016,5,1,0,18.8,8.5,46,1009.1,5.5
2016,5,2,0,20.2,11.3,56,1012.7,5
2016,5,3,11.5,19.6,2.8,72,1008.6,9
2016,5,4,25,21.3,11.7,48,1000.2,3.5
2016,5,5,0,20.4,11.9,31,1007.4,3
2016,5,6,8,16,0,65,1010.2,10
2016,5,7,1.5,17.2,4.4,73,1005.2,7.8
2016,5,8,0,19.8,12.4,46,1010.2,10
2016,5,9,12,17.2,0,82,1008.9,10
2016,5,10,15,17.7,0,93,1001.2,10
2016,5,11,18.5,18.8,0.3,81,996.9,8.5
2016,5,12,0,20,13.5,52,1007.8,0
2016,5,13,0,21,12.2,62,1012.5,4
2016,5,14,0,21.8,11.3,58,1015.2,5.3
2016,5,15,0,20.1,7.1,66,1013.9,8.3
2016,5,16,6.5,19.2,0,74,1006.8,10
2016,5,17,25,18,7.3,69,1004.8,7.5
2016,5,18,0,20.2,13.5,49,1010.9,1.8
2016,5,19,0,21.1,11.8,53,1012.9,7.5
2016,5,20,0,20.1,6,65,1012.3,7.3
2016,5,21,0,21.5,13,59,1009.6,1.8
2016,5,22,0,23.2,13,52,1009.9,1.5
2016,5,23,0,24.9,11.9,43,1007.9,1.8
2016,5,24,0,24.1,9.6,51,1006.9,6.3
2016,5,25,0,22.6,0.1,68,1007.9,10
2016,5,26,1.5,23.3,1,72,1005.4,10
2016,5,27,2,23.4,4.8,68,1001.4,8.8
2016,5,28,0,21.7,0.1,72,1002.3,7.5
2016,5,29,11,21.4,5.2,74,1000.8,7.8
2016,5,30,7.5,19.1,0,88,998.3,10
2016,5,31,0,23.8,9,62,998.8,8.3
2016,6,1,0,20.9,9,47,996.8,7.5
2016,6,2,0,20.5,14,40,999,0
2016,6,3,0,20.7,13,47,1006.2,2.5
2016,6,4,1,21.5,3.3,65,1007.3,9.8
2016,6,5,8,19.3,4.2,75,1005.3,7.5
2016,6,6,0,21.6,8.3,68,1008.2,7.5
2016,6,7,3.5,21,0,74,1008,10
2016,6,8,0,22.6,10.5,70,1006.4,9.3
2016,6,9,0,22.8,1.4,79,1004.1,8.3
2016,6,10,0,24.5,13.4,62,1006.4,1.5
2016,6,11,0,24.3,10.8,62,1008.9,7.3
2016,6,12,5,23.2,0.2,75,1004.3,10
2016,6,13,25,21.7,0,87,992.3,10
2016,6,14,0,24,7.1,70,996.7,7
2016,6,15,0,24.2,3.7,70,1002.2,10
2016,6,16,9,21.7,0,84,997.8,10
2016,6,17,0.5,24.1,3.8,70,999.7,8.5
2016,6,18,0,25.9,13.4,54,1007,4.3
2016,6,19,10.5,22.7,0.2,81,1006.6,10
2016,6,20,0,25.1,5.3,71,1002,9
2016,6,21,24,25.2,6.3,74,1000.2,7.5
2016,6,22,9.5,24.4,0.6,83,1001.4,9
2016,6,23,55,24.8,7.6,76,996.6,6.3
2016,6,24,10.5,22.5,0.4,79,999.1,8.5
2016,6,25,11.5,23,0,86,996.6,10
2016,6,26,0,23.3,8.6,66,1002.1,7
2016,6,27,4,24.2,8,60,1006.5,6
2016,6,28,34,20.7,0.2,83,1004.7,10
2016,6,29,7.5,22.3,0,89,1007.3,10
2016,6,30,0,25,1,81,1006.2,9.8
2016,7,1,0,27.7,11.2,70,1006.1,6
2016,7,2,0,29,9.3,67,1004.9,10
2016,7,3,18,27.8,3.1,75,1004,10
2016,7,4,2,27.9,7.3,73,1006.3,7.3
2016,7,5,0,27.9,9.5,68,1010.2,6.5
2016,7,6,1,25.9,3,77,1011.1,8.8
2016,7,7,0.5,29.9,11.6,63,1007.6,6
2016,7,8,0,27.1,0,74,1007.1,9.8
2016,7,9,63.5,22.3,0,94,1001.6,8.5
2016,7,10,0,26.7,9.4,74,998.4,8.5
2016,7,11,0,29.3,12.4,51,998.5,8.8
2016,7,12,0,28.2,0.6,64,999.2,9.5
2016,7,13,18.5,27.1,0.5,83,995.5,9.8
2016,7,14,4.5,28.1,9,69,991.4,4.8
2016,7,15,0,25.5,5.5,66,993.5,8.3
2016,7,16,1,25.6,0.9,72,1000.2,9.5
2016,7,17,0,27.1,0.5,75,1000.9,10
2016,7,18,0,28.2,13.5,60,1001.2,0
2016,7,19,0,28.7,13.8,53,1002.8,1.3
2016,7,20,0,28.5,13.5,58,1004.2,6.8
2016,7,21,0,27.7,7,65,1004.5,10
2016,7,22,0,26.3,3.5,71,1004.8,9.3
2016,7,23,0,25.1,2.1,68,1007,9.5
2016,7,24,0,25.4,3.7,70,1008.3,9.5
2016,7,25,0,26.3,4.8,64,1007.6,9.8
2016,7,26,61,22.7,0,87,1004.9,10
2016,7,27,0,24.9,1.7,85,1003.6,10
2016,7,28,0,26.8,3.2,74,1005.7,9.3
2016,7,29,0,27.2,6.8,69,1007.1,7.5
2016,7,30,0,28,5.8,63,1006.8,9.5
2016,7,31,0,29.1,9.8,61,1004.4,5
2016,8,1,13,27.9,8.8,74,1002.1,6.3
2016,8,2,47.5,26.5,6.4,79,1001.3,9.3
2016,8,3,0,27.9,7.5,73,1002,9.3
2016,8,4,0,29,10.1,70,1003,6.5
2016,8,5,0,29.3,11.2,69,1003.9,6.5
2016,8,6,0,29.8,10.1,67,1002.8,5
2016,8,7,0,29.5,8.7,67,1002.2,7.5
2016,8,8,0,31,12.8,56,996.7,1
2016,8,9,0,30.1,11.9,55,997.4,1.3
2016,8,10,0,28.9,11,51,1001.3,4.5
2016,8,11,0,28.5,11.7,62,1002.3,8.5
2016,8,12,0,28.3,6.2,66,1002.7,6.8
2016,8,13,0,28.4,5.6,63,1001.3,7
2016,8,14,0,28,3.5,73,998.3,9
2016,8,15,2,27.9,2.8,74,996.2,10
2016,8,16,0,29.8,10.2,61,994.6,7.5
2016,8,17,0,30.9,7.5,62,993.8,5.5
2016,8,18,23.5,29.3,5.6,73,998.9,7.3
2016,8,19,6.5,29.6,10.5,69,999.7,5
2016,8,20,0.5,29.6,8.5,68,997.4,5.5
2016,8,21,0,29.1,9.3,68,998.6,3.8
2016,8,22,0,30.9,5,62,994.1,6
2016,8,23,0,30.4,7.7,61,998,5.8
2016,8,24,5,27.8,2.3,76,1001.1,9.5
2016,8,25,1,28.1,4.2,71,1001.4,7.8
2016,8,26,0,28.9,9.2,65,998.7,6.5
2016,8,27,1,26.6,1.4,73,997.6,9.8
2016,8,28,10.5,25.3,0.8,84,993.9,9
2016,8,29,0.5,26.9,6.1,75,984.9,7.5
2016,8,30,9,24.3,7,67,984.9,7.5
2016,8,31,0,26.8,12.1,55,993.6,2
2016,9,1,0,27.4,10.4,58,1001.8,5.3
2016,9,2,0,27.9,10.5,60,1005.3,4
2016,9,3,0,28.7,5.3,63,1006,5
2016,9,4,0,28.9,6.7,65,1007.6,6.3
2016,9,5,6,25.8,0.6,83,1006.8,10
2016,9,6,12,26.6,2.6,82,1003.2,10
2016,9,7,0.5,28.2,9.3,74,998.5,7
2016,9,8,6.5,25.8,3.3,82,995.3,8.3
2016,9,9,0,25.6,10.6,60,1000,2.8
2016,9,10,0,25.9,11.7,60,1004.9,4.5
2016,9,11,0,26.3,2.2,70,1007.8,10
2016,9,12,5,25.8,1.5,77,1010,9.5
2016,9,13,21.5,24.7,0.1,89,1007.8,10
2016,9,14,0,26.3,2.5,66,1008.8,10
2016,9,15,0,25.4,2.1,65,1008.4,8.3
2016,9,16,4.5,25,0.3,79,1009.2,10
2016,9,17,0,26,0.7,78,1007.2,10
2016,9,18,13,24.9,0.1,92,1002.4,10
2016,9,19,16,24.6,1.9,87,1000.9,10
2016,9,20,93.5,21.6,0,92,998.4,10
2016,9,21,1.5,22,0.2,89,1010.1,10
2016,9,22,38,21.9,0,94,1009.9,10
2016,9,23,12,23.2,0.3,85,1008.2,10
2016,9,24,3.5,22,0.7,87,1010.6,9.8
2016,9,25,0,24.8,7.7,72,1011.7,9.8
2016,9,26,0,25.5,2.1,78,1012.8,9.3
2016,9,27,0,26.4,4.8,78,1011.2,7.8
2016,9,28,33.5,25,0,92,1007.2,10
2016,9,29,15.5,23.9,1.3,78,1005.6,10
2016,9,30,16,21.3,2,75,1009.4,8.5
2016,10,1,7.5,23.5,0.1,86,1010.3,10
2016,10,2,0.5,25.1,3.1,85,1011.2,9
2016,10,3,8,23.4,0,91,1007,10
2016,10,4,0,23.8,1.4,74,1007.8,9.8
2016,10,5,6.5,23.5,1,80,1007.6,10
2016,10,6,0,23.5,11,60,1008.9,3
2016,10,7,0,21.7,4.1,60,1015.7,6.5
2016,10,8,4,22.9,0.5,83,1007.7,9.5
2016,10,9,26.5,20.7,0.8,72,1003.6,7.5
2016,10,10,0,18.7,5.6,58,1008.9,6.5
2016,10,11,0,18.7,1.3,63,1009.9,9
2016,10,12,0,18.9,7.7,55,1010.2,7.8
2016,10,13,0,17.1,4,54,1013.7,7.8
2016,10,14,0,16.8,4.3,54,1016.8,6.3
2016,10,15,0,17.7,10.6,63,1020,3.5
2016,10,16,0,19.6,8,60,1018.5,6.5
2016,10,17,41.5,19.6,0.5,86,1011.3,10
2016,10,18,0,22.5,10.3,73,1009.9,3.8
2016,10,19,0,22.4,6.3,76,1009.5,7.3
2016,10,20,0,22.5,9,61,1008,5.5
2016,10,21,0,19,4.8,48,1011,10
2016,10,22,0,18.9,1,69,1007.3,9.5
2016,10,23,0,18.8,1.9,57,1002.8,9.3
2016,10,24,0,16.7,10.5,48,1009,1.5
2016,10,25,3,13.7,0,81,1011.8,8.5
2016,10,26,11,19.9,5.9,78,1008.8,7.3
2016,10,27,0,18.5,10,52,1013,3
2016,10,28,24,15,0,80,1008.7,10
2016,10,29,0,17.6,10,60,1008.6,3.3
2016,10,30,0,14.4,7.4,46,1018,3.5
2016,10,31,0,14.4,2.4,68,1017.5,7.5
2016,11,1,7,13.8,3.5,69,1013,5.8
2016,11,2,0,13.3,1.8,55,1015.2,9
2016,11,3,0,13.1,9.5,61,1010.8,3.3
2016,11,4,0,13.2,10.1,56,1010,0.5
2016,11,5,0,13.5,10.1,61,1008.3,0
2016,11,6,0,14.5,9.8,54,1012.4,0.8
2016,11,7,0,13.3,9.4,57,1016.9,3.8
2016,11,8,7,14.3,0.3,76,1011.1,10
2016,11,9,0,10,9,47,1013.9,1.3
2016,11,10,0,9.9,0.7,48,1015.7,10
2016,11,11,10,14,8,74,1009.9,4.3
2016,11,12,0,14.1,9.7,61,1016.2,2.5
2016,11,13,0,15,8.1,67,1017.8,7.5
2016,11,14,8,13.6,0,84,1013.6,10
2016,11,15,4,15.6,3,77,1005.2,9
2016,11,16,0,11.5,9.9,49,1012.4,4.8
2016,11,17,0,12.1,7,60,1014.8,4.8
2016,11,18,0,11.5,5.2,66,1017.5,4.8
2016,11,19,12,13.7,0,94,1008.2,8.5
2016,11,20,0,16.4,5.7,82,1010,9
2016,11,21,0.5,14.5,0,83,1011.3,10
2016,11,22,0,16.4,8.4,70,1005,3.5
2016,11,23,0,12.4,8.1,50,1009.7,7.3
2016,11,24,2.5,8.5,2.9,72,1009.5,6.5
2016,11,25,0,8.5,5.8,73,1015.5,7.3
2016,11,26,3.5,10.2,8,68,1017.8,4.8
2016,11,27,23.5,11.1,0,94,1008.1,10
2016,11,28,0,11,4.9,52,1010.6,5.5
2016,11,29,0,9.5,8.8,54,1019.2,1.3
2016,11,30,0,8.2,0.3,58,1022.6,7.5
2016,12,1,0,12,0.5,79,1013.9,10
2016,12,2,0,11,9.1,47,1017.8,5.8
2016,12,3,0,9.8,9.5,59,1019,3
2016,12,4,7.5,10.8,3.7,75,1013.6,10
2016,12,5,0,13.2,6.6,74,1007.7,8.3
2016,12,6,0,9.7,4.8,60,1009.4,6
2016,12,7,0,7.6,9.3,56,1012.3,2.3
2016,12,8,0,8.5,8.5,62,1011.5,5.3
2016,12,9,0,9,5.3,65,1007.6,7.5
2016,12,10,0,7.5,8.3,52,1011.9,1.5
2016,12,11,0,5.7,8.2,51,1015.9,2
2016,12,12,0,5.7,5,49,1019.2,7.5
2016,12,13,29,7,0,89,1009.7,10
2016,12,14,8.5,8.7,7.9,59,999.9,5
2016,12,15,0,5.3,9.3,49,1008.1,3
2016,12,16,0,4.3,8,55,1009.4,4
2016,12,17,0,5.4,3.6,65,1018.9,6.5
2016,12,18,0,7.9,8.9,63,1022.2,3.5
2016,12,19,0,9.3,8.5,63,1019.5,4.5
2016,12,20,0,8.9,0.3,71,1019.5,7.8
2016,12,21,0,9.6,8.7,68,1022.6,3
2016,12,22,34,12.2,0,88,1008.6,9.5
2016,12,23,0.5,10.5,3.5,71,1001.6,7.8
2016,12,24,0,7.7,8,58,1015.6,7.3
2016,12,25,0,7.4,7.3,56,1022.8,7
2016,12,26,2.5,7.8,2.6,67,1017.2,9
2016,12,27,11,9.4,2,76,999.3,7.5
2016,12,28,0,4.9,8.4,49,1014.7,0.3
2016,12,29,0,4.8,6.5,62,1014.6,8
2016,12,30,0,5.1,9.1,54,1018.8,0.3
2016,12,31,0,5.6,8.6,60,1019.2,0.5
2017,1,1,0,7.4,9.2,63,1018.5,1.3
2017,1,2,0,7.6,8.5,62,1013.1,2.8
2017,1,3,0,8.6,3.8,67,1010.8,5.3
2017,1,4,0,6.9,4.6,59,1011.3,2
2017,1,5,0,5.8,8.4,43,1014.5,3
2017,1,6,0,4.9,6.5,43,1017.4,3.3
2017,1,7,0,5.4,8.4,55,1014.8,5
2017,1,8,13.5,4.4,0,74,1004,10
2017,1,9,0,8.1,6.3,72,999,4.8
2017,1,10,0,7.4,4.4,68,1007,6.5
2017,1,11,0,4.9,3.5,72,1008.5,7.8
2017,1,12,0,5.2,2.8,62,1004.3,9.8
2017,1,13,0,4.4,3.9,65,1000.4,7.5
2017,1,14,4,0.2,0.5,86,1000.2,8.8
2017,1,15,1,-0.4,5.9,81,1006.3,8
2017,1,16,0.5,1.8,6.9,80,1009.8,5.3
2017,1,17,0,3.4,7.4,65,1019,2.5
2017,1,18,0,4.2,9.3,53,1020.9,4.5
2017,1,19,0,5.8,6.7,51,1013.3,6
2017,1,20,0,3.9,2.8,61,1003.2,6.5
2017,1,21,1,4.6,9.3,60,1012.3,4.8
2017,1,22,0,4,5.2,60,1010.1,5.5
2017,1,23,0,2,6.5,61,1010.3,5.5
2017,1,24,0,1,6.1,64,1016.8,2.8
2017,1,25,0,2.2,9.7,56,1021.5,0.5
2017,1,26,0,3.5,10,54,1021.6,0
2017,1,27,0,5.3,2.6,62,1017.4,7
2017,1,28,0,6.5,9.5,59,1018.3,4.3
2017,1,29,3.5,6.8,5.9,61,1014,8
2017,1,30,1,7.5,2.7,76,1003.2,6.8
2017,1,31,0,4.1,10.1,44,1015.3,0.5
2017,2,1,0,3.2,4.8,63,1011.3,3
2017,2,2,0,4,7,53,1012,3.5
2017,2,3,0,5.8,9.7,54,1013.1,1.3
2017,2,4,0,6.6,10.2,49,1013.4,0
2017,2,5,10.5,4.4,0,83,1005,8
2017,2,6,0,6.2,6.6,71,1000,5.8
2017,2,7,0,3.6,8.4,50,1009.9,4.5
2017,2,8,0,4.4,7.8,50,1008.9,5.8
2017,2,9,1,3.2,0,77,997.8,9.3
2017,2,10,0,3.6,7.3,58,996.4,8.5
2017,2,11,1,1.1,1.6,79,1006.3,8
2017,2,12,0,2.8,9.6,68,1013.6,2.5
2017,2,13,0,3.4,9,59,1018.2,3.3
2017,2,14,0,3.3,5.4,58,1019.1,3.5
2017,2,15,0,4.7,9.8,52,1020.9,0.3
2017,2,16,0,6.8,9.9,52,1018.6,2.8
2017,2,17,0,7.1,0,74,1010.5,10
2017,2,18,0,7.2,3.9,58,1007.4,7
2017,2,19,0,5.7,10.7,45,1011.4,1.5
2017,2,20,9,6.6,0.1,64,1001.7,10
2017,2,21,0,3.7,9.9,53,1015.2,2.3
2017,2,22,2,5.8,6.4,51,1016.7,7.3
2017,2,23,24.5,9.3,0.8,76,999.4,8.8
2017,2,24,0,5.7,10.5,39,1009.2,2.8
2017,2,25,0,5.9,9.8,47,1012.4,3.3
2017,2,26,0,7,8,54,1013.6,5.8
2017,2,27,0,6.8,10.4,46,1016.6,0.3
2017,2,28,0,6.7,8.8,49,1017.2,1.5
2017,3,1,2.5,6.3,5,67,1013.6,7.5
2017,3,2,5,6.8,0.9,86,1001.1,10
2017,3,3,0,7.6,10.7,51,1007.4,0.8
2017,3,4,0,7.8,9.3,49,1012,4.8
2017,3,5,0,10,7.3,50,1008.8,5.8
2017,3,6,0,9.9,0,60,1000.3,8
2017,3,7,0,4.9,5.5,61,1000.8,7.3
2017,3,8,0,4.4,8.6,63,1002.6,6.3
2017,3,9,0,6,7.6,56,1003.5,3.8
2017,3,10,0,6.4,5.7,59,1007.4,5
2017,3,11,0,6.9,11.2,45,1013.6,0
2017,3,12,0,7.9,8.8,52,1015.3,6.3
2017,3,13,0,9.6,2,68,1010,10
2017,3,14,0,9.4,6.4,51,1002.8,5
2017,3,15,0,7.1,9,58,1003.6,3
2017,3,16,0,8.1,11.2,45,1010.5,2.5
2017,3,17,0,8.4,11.4,43,1013,2.5
2017,3,18,0,9.5,7.2,41,1015.6,7.3
2017,3,19,0,11.3,10.5,39,1015.5,0.8
2017,3,20,0,12,8.6,44,1014.4,5.3
2017,3,21,38.5,8.8,0.1,86,1001.6,8
2017,3,22,0,8.9,11.4,40,1008.7,4.8
2017,3,23,0,9.3,4.9,43,1010.7,9.5
2017,3,24,0,8.2,10.9,37,1011.6,3.3
2017,3,25,0,7.9,3.9,45,1013,9.8
2017,3,26,14.5,7.9,0,86,1009.1,10
2017,3,27,3.5,9,11.5,57,1005.1,2.5
2017,3,28,0,9.5,11.3,47,1013,3.8
2017,3,29,0,10.5,8.9,49,1016.1,6.5
2017,3,30,0,13,6.9,46,1012.6,6.8
2017,3,31,10,8.6,0,70,1009.7,8.5
2017,4,1,2.5,8,0.6,81,1005.4,10
2017,4,2,0,10.1,12,47,1006.3,0.5
2017,4,3,0,11.2,11.6,44,1011.2,0.5
2017,4,4,0,13.2,11.9,44,1017.7,1.8
2017,4,5,0,13.8,6.6,59,1020.6,8
2017,4,6,9,15.2,2,76,1015.9,7.8
2017,4,7,18,17,0.3,90,1009.2,10
2017,4,8,21.5,17.8,0,95,1005.1,10
2017,4,9,10,16,3.8,77,1001.7,8.3
2017,4,10,0,12.4,0.4,54,1011.1,10
2017,4,11,31,10.6,0,85,997.6,10
2017,4,12,0,13.8,10.2,50,999.7,7.8
2017,4,13,0,12.5,11.8,37,1009,1
2017,4,14,0,14.9,11.7,46,1011.4,0.3
2017,4,15,3,16,4.3,64,1010,7.8
2017,4,16,0,18.3,10.5,61,1009.6,4.8
2017,4,17,42.5,16.8,2.3,81,1003.3,10
2017,4,18,6,17.7,8.8,63,991,6.8
2017,4,19,0,14.7,7.8,51,998.7,3.3
2017,4,20,0,15.4,5.8,44,1005.7,6.8
2017,4,21,0,15.9,1.1,53,1001.8,10
2017,4,22,0,15.5,9.7,43,1001.6,7.3
2017,4,23,0,14.9,12.9,41,1009.8,0
2017,4,24,0,16,7.3,59,1018.7,4.8
2017,4,25,0,17,6.8,54,1018.6,9.8
2017,4,26,11.5,15.5,0,79,1009,10
2017,4,27,0,15,5,47,1000.2,10
2017,4,28,0,15.5,12.4,42,1001.5,1
2017,4,29,3,14.3,8,62,1001.4,4.5
2017,4,30,0,17.2,12.4,55,1005,0
2017,5,1,0,17.7,7.1,53,1007.3,4.8
2017,5,2,0,16.6,12,46,1016.3,5
2017,5,3,0,17.9,5.6,54,1020.3,8.8
2017,5,4,0,19,6.5,57,1016.2,7.5
2017,5,5,0,20.8,12.2,59,1009.8,1.8
2017,5,6,0,20.2,0.3,69,1005.8,6
2017,5,7,0,20.3,8.8,37,1004.5,6.5
2017,5,8,0,21.5,12.3,28,1005.6,3
2017,5,9,2,19.7,0,48,1010.2,10
2017,5,10,10.5,16.5,0,85,1005.3,10
2017,5,11,1,20.1,5.5,67,1005.6,7.8
2017,5,12,0,22.2,7,58,1006.8,7.3
2017,5,13,20,17.1,0,89,1000.9,10
2017,5,14,0,19.9,7.8,75,1002.9,8.3
2017,5,15,0,20.5,2.8,62,1003.2,9
2017,5,16,0,18.6,3.7,48,1002.6,10
2017,5,17,0,19,6,52,1002.6,9.8
2017,5,18,0,20.3,13.1,56,1007.4,3
2017,5,19,0,21.6,13.5,53,1009.9,1.8
2017,5,20,0,23.7,13.3,46,1009.1,0
2017,5,21,0,24.4,11.5,50,1009.2,6.3
2017,5,22,0,23,12.6,59,1009,4.5
2017,5,23,0,22.6,10.5,59,1006.2,9.8
2017,5,24,0,21.6,0.1,70,1002.8,10
2017,5,25,14.5,19.7,0,88,999.8,10
2017,5,26,16.5,19.4,0.4,88,997.6,10
2017,5,27,0,18.7,12.4,58,1003.4,1
2017,5,28,0,20.6,13.9,50,1005.6,2.5
2017,5,29,0,22.3,13.2,49,1006.3,2.5
2017,5,30,0,25,9.5,51,1003.8,6
2017,5,31,0,23.6,2.9,69,1000.1,10
2017,6,1,6,23.8,5.3,64,992.4,9.8
2017,6,2,6,19.9,8.9,57,993.5,7.5
2017,6,3,0,19.3,12.8,47,998.3,5.8
2017,6,4,0,20.2,13.8,43,1001.7,4.8
2017,6,5,0,20.9,14,41,1006.9,0.5
2017,6,6,0,21.1,8.9,58,1012.2,7.5
2017,6,7,8,19.4,0,78,1008.8,10
2017,6,8,8.5,19.3,2.6,82,1001.3,7.5
2017,6,9,0,22.6,10.7,57,1000.4,5.8
2017,6,10,0,23.1,8.6,57,1000.1,5
2017,6,11,0,21.7,6.2,39,999.6,5.8
2017,6,12,0,20.7,12.7,44,1003.9,9
2017,6,13,0,20.7,13.6,47,1006,4.3
2017,6,14,0,21.9,14,47,1002.7,4.5
2017,6,15,0,23.3,13.8,46,1000.6,1.3
2017,6,16,0,22.8,13,48,1001.7,3
2017,6,17,0,22.3,8.9,55,1004.9,5
2017,6,18,0,22,0,65,1003.6,10
2017,6,19,0,25.6,13.7,48,1002.4,0.3
2017,6,20,0,25,7,57,1005.3,9.8
2017,6,21,31,21,0.2,86,997.9,10
2017,6,22,0,23.5,4,59,1001.6,8.3
2017,6,23,0,24.7,12.6,63,1001,5.5
2017,6,24,1,24.4,5.4,70,999.8,10
2017,6,25,17,21.9,0,90,995.2,10
2017,6,26,0,25,6.8,60,999.9,9.8
2017,6,27,0.5,24.6,1.5,72,1004.7,10
2017,6,28,5,24,3.2,81,1006.8,8
2017,6,29,0,24.8,0.7,76,1007.8,10
2017,6,30,50,22.9,0.5,90,1006.6,10
2017,7,1,1.5,26.6,2.7,79,1003.1,10
2017,7,2,3,27.8,5.5,74,1004.6,9.8
2017,7,3,0,29.1,7.2,67,1003.2,9
2017,7,4,53.5,26.9,0.8,78,1000.1,8.8
2017,7,5,2,26,1.7,73,1002.3,8.8
2017,7,6,0,26.9,12.7,61,1005.1,7
2017,7,7,0,28.4,13.6,55,1004.5,5
2017,7,8,0,28.9,11,56,1004.2,5
2017,7,9,0,27.6,0.1,73,1004.1,9.8
2017,7,10,0,27.5,3.6,77,1004.5,8.8
2017,7,11,0,28.2,6.7,73,1005.9,7.3
2017,7,12,50.5,28.6,3.5,76,1004.5,10
2017,7,13,6.5,27.9,5.6,79,1003.4,7.5
2017,7,14,4,27.9,6.3,74,1005.6,9.3
2017,7,15,0,28.8,9.2,66,1006.7,7.8
2017,7,16,0,29.7,8.6,63,1005.6,9.3
2017,7,17,17.5,27.8,2.6,72,1004.2,8
2017,7,18,0,29.3,10.8,61,1001.4,8.5
2017,7,19,0,28.2,8.8,67,1001.8,6.8
2017,7,20,0,28.5,9.1,69,1004.9,4.8
2017,7,21,0,28.9,7.5,67,1006.4,6.5
2017,7,22,0,29,8,68,1005.5,6.8
2017,7,23,2,27,0.4,81,1001.5,10
2017,7,24,2.5,28.6,3.4,75,997.7,10
2017,7,25,99,27,0.1,89,997.2,10
2017,7,26,0.5,29.3,4.9,78,998.4,9.8
2017,7,27,15,26.3,0,82,1003.2,10
2017,7,28,0,28.5,5.5,73,1002.3,10
2017,7,29,0.5,29,4.3,72,1000.5,10
2017,7,30,7,27,0,81,1001.7,10
2017,7,31,0,29.2,8.7,72,1002.3,6
2017,8,1,0,29.8,7,65,1001,6.5
2017,8,2,0,27.8,3.3,66,1001.1,10
2017,8,3,0,27.7,3.3,69,1002.8,9.8
2017,8,4,0,29.3,6.1,69,1002.9,9.5
2017,8,5,0,29.2,3.1,75,1000.8,7.3
2017,8,6,0,29.9,10.2,70,998.5,5.3
2017,8,7,77.5,27.3,0.1,83,989.2,9.8
2017,8,8,16.5,27.4,6.6,73,987.5,7
2017,8,9,0,29.7,12.5,57,990.8,2.3
2017,8,10,22,29.5,3.5,67,993,8.3
2017,8,11,41.5,27.1,0.9,89,996.6,10
2017,8,12,0.5,27.9,7.3,74,999.1,7
2017,8,13,0,28,4.8,62,1001,8.8
2017,8,14,0,27.5,0.6,66,1000.2,9.3
2017,8,15,2.5,24.9,0,85,998.2,10
2017,8,16,11,25.9,1.2,85,998.9,10
2017,8,17,0,28,4.6,74,1001.9,8.5
2017,8,18,32,26.7,3.7,85,1003.2,10
2017,8,19,0,28.2,9.8,70,1004.1,5.5
2017,8,20,0,28.1,6,73,1005.3,8
2017,8,21,0,28.5,6.3,72,1006.9,9.5
2017,8,22,9,28,2.3,74,1008.1,9.8
2017,8,23,5,27.8,5.5,77,1006.8,10
2017,8,24,0,30.8,10.9,62,1002.8,6.8
2017,8,25,0,30.2,8,65,1000.2,8.3
2017,8,26,0,27.5,2.8,58,1003.1,9.5
2017,8,27,0,26.8,10,62,1008.4,6
2017,8,28,0,27.3,1,72,1007.3,10
2017,8,29,4,28.7,3.5,74,1003.9,8
2017,8,30,0,28.9,9.2,64,1001.1,4
2017,8,31,0,27.3,11.5,51,997.6,2.3
2017,9,1,0,26.2,11.9,46,998.2,2.8
2017,9,2,0,26,11.6,51,998.4,2.5
2017,9,3,0,25.3,10.9,45,1003.6,4
2017,9,4,0,24.4,3,57,1008.9,10
2017,9,5,2.5,25,6.5,68,1007.3,8.3
2017,9,6,12.5,23,0.1,86,1001.5,9.8
2017,9,7,10,24.8,0,87,998.3,10
2017,9,8,0,26.1,11.1,62,999.5,2.5
2017,9,9,0,25.4,7.3,65,1006.1,7.3
2017,9,10,0,26.3,6.7,67,1008.4,9
2017,9,11,2.5,25.2,2,75,1006.9,8.5
2017,9,12,15,24.6,0.2,84,1003.5,9.8
2017,9,13,0,25.4,9.6,63,1007.8,7.3
2017,9,14,0,24.3,8.2,54,1009.2,8.8
2017,9,15,0,22.6,3.1,51,1010.1,10
2017,9,16,29.5,19.1,0,89,1009.4,10
2017,9,17,15,22.3,0,83,996.5,10
2017,9,18,0,25,9.2,60,997.3,3.3
2017,9,19,0,23.7,7.4,63,1004.7,6.5
2017,9,20,2.5,23,0.2,68,1003.7,10
2017,9,21,0,22.8,10.3,58,1005.9,7
2017,9,22,3.5,20.8,2.3,77,1008.4,7.5
2017,9,23,1,23.3,4.5,71,1006.7,10
2017,9,24,0,23,5.9,62,1008.7,5.5
2017,9,25,0,23.3,11.2,61,1008.1,0.3
2017,9,26,0,23.8,9.9,67,1008.3,2.8
2017,9,27,4.5,23.4,1.2,73,1004.2,10
2017,9,28,9,20.3,1,76,995.8,8.3
2017,9,29,0,20,11.5,54,1007.4,2.8
2017,9,30,0,20.9,7.3,48,1013.8,4.8
2017,10,1,0,20.9,5.8,57,1015.7,5.3
2017,10,2,42.5,21.2,0,82,1009,10
2017,10,3,4,21.5,5.2,78,1003.9,5.5
2017,10,4,0,19.2,6.9,44,1011.9,5.5
2017,10,5,0,17.9,5.4,52,1018.6,9.5
2017,10,6,36,17,0,81,1017.3,10
2017,10,7,22.5,19.1,0.5,86,1011.9,7.8
2017,10,8,0,22.4,8.9,77,1015.6,4.3
2017,10,9,0,22.5,3.2,78,1015.6,7.5
2017,10,10,0,23.7,10.8,68,1011.2,0.5
2017,10,11,0,24.3,10.4,68,1008.7,1.8
2017,10,12,0,22.8,1.9,69,1007.9,8
2017,10,13,6.5,18.5,0,77,1009.6,10
2017,10,14,16.5,19,0.1,87,1013,10
2017,10,15,12,17.2,0,87,1016.9,10
2017,10,16,29.5,15.1,0,93,1017,10
2017,10,17,17.5,14.8,0.1,92,1014.7,9.8
2017,10,18,0,16.4,4.5,64,1014.8,8.8
2017,10,19,24,14.6,0,92,1011.4,10
2017,10,20,4,17,0,88,1008.9,10
2017,10,21,15,17.7,0,93,1007.4,10
2017,10,22,170,17.5,0,94,989.7,10
2017,10,23,44.5,16.6,7.9,59,992.7,6.8
2017,10,24,0,15.1,0.3,60,1013.4,10
2017,10,25,17.5,14.7,1,83,1012.2,7.3
2017,10,26,0,15.3,10.5,67,1014.1,0.3
2017,10,27,0,16.3,10.2,68,1014.7,2.8
2017,10,28,13,15,0,87,1016.1,10
2017,10,29,55,16.2,0,90,998,8.3
2017,10,30,0,13.8,8.6,51,1007,1.5
2017,10,31,0,12.7,10.3,52,1016.1,0
2017,11,1,0,14.2,10,65,1015.1,2
2017,11,2,0,15,10.2,61,1011.6,3.8
2017,11,3,0,16.6,8.7,63,1008.9,4.5
2017,11,4,0,15.1,5.9,64,1010.4,6
2017,11,5,0,12.9,10,52,1019.4,2.3
2017,11,6,0,14.5,9.9,63,1019.3,2.3
2017,11,7,0,16,4.7,67,1016.5,7.8
2017,11,8,5,15.8,0,91,1010.4,10
2017,11,9,0,14.7,9.6,51,1012,0
2017,11,10,0,13.2,6.9,61,1013,2.8
2017,11,11,1.5,13.4,6.6,63,1005,5.3
2017,11,12,0,11.6,9.9,50,1011.8,1.8
2017,11,13,0,12.2,4.6,69,1013.3,5.8
2017,11,14,9,12.1,0,91,1008.4,10
2017,11,15,0,11.7,6.5,70,1008,3.8
2017,11,16,0,8.9,3.8,66,1012.3,7.8
2017,11,17,0,9.5,8.6,65,1014.4,5.3
2017,11,18,16.5,8.8,0,85,1003.4,8.5
2017,11,19,0,6.9,4.2,67,1009.2,6.3
2017,11,20,0.5,6.9,0.6,70,1013.5,10
2017,11,21,0,7.1,9.8,61,1018.3,2.5
2017,11,22,0.5,9.3,1.9,68,1013.6,10
2017,11,23,11.5,10.1,4.3,73,1004.4,6.5
2017,11,24,0,7.6,7.5,60,1013.1,4
2017,11,25,0,7.5,8.8,65,1019.9,7.3
2017,11,26,0,8.1,5.6,71,1018.4,9.5
2017,11,27,0,10.8,9.3,61,1019.1,1.8
2017,11,28,0,10.9,9.4,67,1018.2,0
2017,11,29,3,10.8,1.2,77,1012.8,7.5
2017,11,30,0,12.4,1.5,71,1008.8,10
2017,12,1,0,9.6,5.5,62,1013.3,3.8
2017,12,2,0,8.1,9.5,58,1019,2.5
2017,12,3,0,8.5,9.2,58,1016.3,2.3
2017,12,4,0,7.7,2.2,65,1008.1,5.5
2017,12,5,0,7.6,6.8,51,1004.7,1.5
2017,12,6,0,5.9,7.2,57,1013,3
2017,12,7,0,6.3,8.8,63,1013.5,3.3
2017,12,8,0,5,0,71,1004.9,7.5
2017,12,9,0,4.8,4.6,55,1010.7,5.3
2017,12,10,0,7.1,7.3,61,1010.4,6.8
2017,12,11,0,7.1,5.4,63,1004.3,3
2017,12,12,0,3.8,5.2,47,1010.3,5.3
2017,12,13,0,3.5,5.8,65,1012.2,5.8
2017,12,14,0,3.9,8.9,59,1017.5,3.3
2017,12,15,0,5.7,8.9,52,1016.8,5.5
2017,12,16,0,6.3,1.8,63,1010.2,10
2017,12,17,0,3.7,6,67,1012.7,6
2017,12,18,0,4.4,7.9,63,1018.5,5.3
2017,12,19,0,4.3,5.4,68,1016.8,4.8
2017,12,20,0,4.5,9.2,65,1020.2,3.3
2017,12,21,0,5.2,9.4,64,1019.8,0
2017,12,22,0,5.3,9.4,57,1019,0
2017,12,23,0,6.3,6.1,64,1016.7,3
2017,12,24,21.5,7.7,3.1,69,1009.9,8.3
2017,12,25,4,7.8,2.2,71,1002.8,7.5
2017,12,26,0,5.6,3.6,65,1006.7,8.5
2017,12,27,2,1.9,1.2,86,1008.7,8.3
2017,12,28,0,3.6,7,61,1014.6,5.8
2017,12,29,0,4.2,2.6,64,1012.7,8.3
2017,12,30,0,5.6,9.2,53,1015.1,3.8
2017,12,31,0.5,4.2,0.1,76,1011.9,10
2018,1,1,0,4.8,8.3,77,1011,3.8
2018,1,2,0,5,4.9,70,1012.6,6.5
2018,1,3,0,3.7,9.3,63,1012,3
2018,1,4,0,3.1,9.3,59,1014,2.3
2018,1,5,0,3.4,0.2,62,1009.3,7.5
2018,1,6,0,3.8,3.3,64,1007.8,5.3
2018,1,7,0,5.3,8.3,47,1014.7,7.3
2018,1,8,15.5,5.3,0,83,1007.2,10
2018,1,9,2,6.5,2.7,73,997.6,9
2018,1,10,0,4.5,7.8,58,1004.9,3.3
2018,1,11,0,2.6,8.6,41,1010.7,0.5
2018,1,12,0,0.7,7.7,55,1015.6,3.5
2018,1,13,0,1.3,7.9,70,1018.3,4
2018,1,14,0,2.8,9.3,58,1022.7,2.3
2018,1,15,0,5,8.8,60,1019.8,3.8
2018,1,16,0,7.7,8.6,67,1014.9,2.5
2018,1,17,12,8.8,0,91,1005.9,10
2018,1,18,0,9.9,8.1,66,1009.8,4.8
2018,1,19,0,8,9.3,48,1012.1,1
2018,1,20,0,6.3,8.7,61,1011.4,1.8
2018,1,21,0,6.3,6.5,59,1011.8,6.3
2018,1,22,10.5,3.6,0,75,1007.3,10
2018,1,23,0,3.7,5.2,69,1004.2,5
2018,1,24,0,0.2,7.6,56,1006,7
2018,1,25,0,-1.1,8.4,58,1008,5.3
2018,1,26,1,-0.5,6.5,66,1005.6,5.5
2018,1,27,0,0.3,8.5,57,1012.9,0.3
2018,1,28,0,0,0.8,68,1011.3,9.8
2018,1,29,0,2.6,4.9,72,1005.2,7.5
2018,1,30,0,2.1,6.8,66,1012,7.5
2018,1,31,0,3.1,8,60,1017.5,5.8
2018,2,1,3,3.8,0,72,1016.9,10
2018,2,2,0,5,4.3,77,1015,9.5
2018,2,3,0,5.1,9.3,66,1010.1,3.5
2018,2,4,0,3.6,9,50,1007.6,4.3
2018,2,5,0,2.1,5.1,56,1008,7.5
2018,2,6,0,1.1,9.1,39,1008.7,2.8
2018,2,7,0,0.8,7.7,52,1011.2,4.8
2018,2,8,0,1.5,8.8,61,1015.2,1.3
2018,2,9,0,3,9.8,48,1019.4,4.3
2018,2,10,13.5,4.3,1.2,65,1012.4,10
2018,2,11,0,4.4,6.1,68,1005.3,5
2018,2,12,0,2.3,6.9,46,1008.5,5.3
2018,2,13,0,2.4,3.1,52,1012,5
2018,2,14,0,3.9,9.3,54,1014.5,2.5
2018,2,15,0,6.8,2.2,55,1009.4,10
2018,2,16,0,6.4,8.2,41,1007.6,9.8
2018,2,17,0,4,6.1,60,1005.8,6
2018,2,18,0,2.5,10.4,45,1015.1,4
2018,2,19,0,4.4,8,49,1013.9,10
2018,2,20,0,7.1,10.2,46,1010.5,3
2018,2,21,0,5.7,1.4,47,1010.6,7.8
2018,2,22,0,5.3,7.7,46,1012.9,7.5
2018,2,23,0,5.9,10.1,48,1014.9,0.3
2018,2,24,0,5.9,5.8,58,1019,6.8
2018,2,25,0,6.6,0.3,46,1017.4,10
2018,2,26,0,9.1,9.9,40,1013.5,3.3
2018,2,27,0,8.3,10.5,41,1016.4,3
2018,2,28,1,9.9,4.6,43,1011.7,7.8
2018,3,1,26,11.9,2.9,59,991.6,7.5
2018,3,2,0,7,9.7,41,1007.5,4
2018,3,3,0,8.6,7.5,48,1012.1,8
2018,3,4,0,12.3,3.6,62,1013.6,7.5
2018,3,5,37.5,11.8,0,88,1003.7,10
2018,3,6,0,9,10.8,47,1014.2,2.5
2018,3,7,0,7.6,3.6,53,1023.2,8.3
2018,3,8,33.5,9.5,0,80,1009.3,10
2018,3,9,23.5,9.6,5.3,67,1002.8,7.5
2018,3,10,0,6.4,11.3,46,1012.5,0
2018,3,11,0,7.3,9.6,47,1015.4,0.3
2018,3,12,0,9.3,11.1,35,1016.2,2.5
2018,3,13,0,11.4,10.8,50,1016.2,0
2018,3,14,0,14.7,10.9,53,1015.7,0
2018,3,15,0,15.8,10.3,61,1012.6,7
2018,3,16,12,10.4,0,76,1008.2,10
2018,3,17,0,8,11.5,45,1018.6,0
2018,3,18,0,11.4,9.6,60,1018.7,6
2018,3,19,9,12.8,0,81,1010.5,10
2018,3,20,18.5,10,0,89,1008.6,10
2018,3,21,34.5,7.3,0,92,1003.8,10
2018,3,22,8,9.7,6.4,74,994,6.8
2018,3,23,0,9.3,11.6,57,1007.6,3
2018,3,24,0,10.8,11.4,45,1013.1,8.8
2018,3,25,0,13.4,11.4,45,1015.5,0.5
2018,3,26,0,14.5,10.9,53,1014,5.3
2018,3,27,0,15.2,7.5,54,1012.2,6
2018,3,28,0,16.7,11.5,51,1011,0
2018,3,29,0,17.1,10.5,50,1010.1,0.3
2018,3,30,0,14.1,11.8,30,1014.3,0.5
2018,3,31,0,13.4,10.5,52,1016.2,0.3
2018,4,1,0,16,9.6,62,1012.4,6
2018,4,2,0,19,9.8,55,1010.2,1
2018,4,3,0,19.8,10.4,55,1011.3,2.8
2018,4,4,0,19.2,8.3,58,1009.1,4
2018,4,5,0,15.2,5.6,62,1011.8,6.3
2018,4,6,7,17.2,0.2,81,1001.7,10
2018,4,7,0,10.7,1.1,59,999.9,8.8
2018,4,8,0,8.3,7.3,50,1010.2,4
2018,4,9,0,10.2,6.4,55,1012.6,7
2018,4,10,0,13.5,11.7,51,1014.7,5.5
2018,4,11,1,16.5,0,70,1007,10
2018,4,12,2.5,18,10.4,51,1006.4,9.5
2018,4,13,0,14.5,12.1,33,1015,1.8
2018,4,14,32,14.5,0.5,66,1010.6,8.8
2018,4,15,23.5,13,2.7,75,998.1,6.5
2018,4,16,0,13.6,10.2,51,1009.6,7.5
2018,4,17,22,13.3,0.2,75,1014.6,10
2018,4,18,35.5,15.7,6.5,73,1008.3,6.5
2018,4,19,0,16.8,12.2,62,1010.5,0
2018,4,20,0,19.6,12.1,46,1011.8,0
2018,4,21,0,19.8,12.2,55,1014.8,0
2018,4,22,0,21.1,12.4,54,1011.9,4.8
2018,4,23,0,20.2,9.6,62,1011.6,10
2018,4,24,34,18.4,0,82,1006.1,10
2018,4,25,56,17.9,6.7,75,996.5,7.5
2018,4,26,0,17.7,11.7,54,1004.7,5.5
2018,4,27,0,18.9,1.1,58,1004.2,10
2018,4,28,0,19.1,12.5,42,1007.6,0
2018,4,29,0,19.4,12.6,51,1011.2,0
2018,4,30,0,19,4.9,61,1011,5.3
2018,5,1,0,21.5,12,51,1009.6,5.5
2018,5,2,29,19.4,0,77,1004.7,10
2018,5,3,6.5,18.9,1.1,68,997.2,10
2018,5,4,0,15.6,8.6,45,1004.9,4.5
2018,5,5,0,18.3,11.9,44,1010.6,3.5
2018,5,6,7.5,19.5,8.1,55,1008.2,7.5
2018,5,7,37.5,16.8,0,96,999.4,10
2018,5,8,13.5,17.5,2.2,85,1002.8,10
2018,5,9,9.5,16.4,5.8,69,1006.8,7.5
2018,5,10,0,14.8,12.8,51,1012.6,3
2018,5,11,0,16.7,12,48,1013.1,6.3
2018,5,12,0,19.2,10.6,54,1010.1,10
2018,5,13,71.5,17.7,0,90,1003.8,9.8
2018,5,14,3,20.9,13,64,1001.5,2.8
2018,5,15,0,21.9,12.4,58,1007,4.8
2018,5,16,0,22.5,8.9,66,1006.9,9.3
2018,5,17,0,24.1,4.7,68,1003.9,9.5
2018,5,18,15.5,25.6,2.8,69,999.7,6
2018,5,19,5,18,10.6,64,1001.5,3
2018,5,20,0,17.2,8.6,56,1011.1,7.5
2018,5,21,0,20.1,10.7,52,1013.7,7.8
2018,5,22,0,20.3,13.1,55,1010.9,6.3
2018,5,23,11,17.7,0.1,81,1002.8,10
2018,5,24,0.5,21.3,12.7,55,999.3,1.8
2018,5,25,0,23,11.6,45,1002,7
2018,5,26,0,22.8,3.9,56,1002.3,7.5
2018,5,27,0,23.7,11.2,53,1004.1,5
2018,5,28,0,22.4,0.3,68,1007,10
2018,5,29,0,22.7,1.5,67,1008.4,10
2018,5,30,8.5,19.5,0,83,1006.8,10
2018,5,31,35,17.2,0,92,1002,9.8
2018,6,1,0,21.3,13.4,62,1004.5,2.5
2018,6,2,0,22.4,13.1,61,1009.1,0.8
2018,6,3,0,22.9,10.6,62,1009.8,5.8
2018,6,4,0,23.9,12.9,60,1008.8,4
2018,6,5,0,23.6,7,64,1008.3,8.3
2018,6,6,34.5,19.4,0,93,1006.4,10
2018,6,7,2.5,22.6,5.5,81,1006.9,9.5
2018,6,8,57.5,22.6,1.4,82,1003.1,9
2018,6,9,1.5,24.1,10.8,69,998.9,3.3
2018,6,10,1,21.3,0,78,999.2,9.3
2018,6,11,0.5,24.1,0.3,76,988.7,10
2018,6,12,0,23.7,11.5,63,990.8,3.3
2018,6,13,0,22.7,13.8,56,997.2,0.5
2018,6,14,0,22.6,8.7,62,1002.3,7.5
2018,6,15,1.5,21.6,0,77,1000.7,10
2018,6,16,0,21.2,9.5,60,1004.6,5
2018,6,17,0,21.8,4,67,1007.9,9.5
2018,6,18,12.5,21,4.6,77,1003.2,8
2018,6,19,2.5,23.1,5.4,73,1002.4,9.5
2018,6,20,41.5,20.9,0,96,996.1,10
2018,6,21,0.5,23.3,2.5,71,997.5,10
2018,6,22,0,24.5,12.3,51,1002.6,7.5
2018,6,23,25,20.3,0.1,79,1000.2,10
2018,6,24,0.5,24.3,8.5,62,999.7,9.3
2018,6,25,0,27.4,13,52,1005.5,2.8
2018,6,26,0,26.6,9.2,69,1007.6,10
2018,6,27,0,27.1,1.6,72,1001.8,10
2018,6,28,1.5,26.8,2.8,75,1000.8,9.3
2018,6,29,9.5,26.4,2.3,78,1004.9,9.5
2018,6,30,1,27.3,5.2,75,1011.2,9.8
2018,7,1,0,27.9,10.5,68,1012.6,8
2018,7,2,0,28,7.4,66,1009.3,8.8
2018,7,3,0,27.2,5.8,68,1003.8,10
2018,7,4,9.5,25.7,0,84,997.8,10
2018,7,5,48.5,24.6,0,93,999.5,10
2018,7,6,65.5,24.3,0,93,1002.6,10
2018,7,7,23,25.5,0.2,84,1004.2,10
2018,7,8,0.5,26.9,6,73,1008.5,9.5
2018,7,9,0,27.7,8.8,68,1012.1,5.5
2018,7,10,0,28.5,11,65,1011.9,4.5
2018,7,11,0,29.7,7.1,59,1008.5,7.5
2018,7,12,0,29.4,3.3,58,1005.9,10
2018,7,13,0,29.7,8.7,58,1003.9,9.8
2018,7,14,0,30.8,13,54,1003.8,6.5
2018,7,15,0,31.2,12.8,57,1005.6,2.3
2018,7,16,0,31.5,12.2,60,1005.4,7.5
2018,7,17,0,31,10.1,64,1005,9.8
2018,7,18,0,32,10.6,61,1003.8,4.5
2018,7,19,0,31,8,65,1004.2,6.8
2018,7,20,0,30.8,11.1,63,1005.5,5.5
2018,7,21,0,30.5,10.6,63,1005.5,6
2018,7,22,0,32.7,13.5,51,1003.1,7
2018,7,23,0,33.3,13.1,46,1000,3.5
2018,7,24,0,32.2,12.6,52,999.6,3.3
2018,7,25,2,30.8,6.7,63,1001.6,10
2018,7,26,0,29.3,5.3,62,1001.9,10
2018,7,27,0,28.4,5,58,1000.8,8.8
2018,7,28,0,29.2,3.7,59,992.4,10
2018,7,29,3.5,28.4,5.8,68,995.2,6.5
2018,7,30,0,29.6,11.6,58,1000.8,3
2018,7,31,0,29.9,7.2,61,1000.2,6.5
2018,8,1,0,31,11.5,58,998.3,5.3
2018,8,2,0,33.1,12.5,51,999.1,5
2018,8,3,0,32.8,12.9,45,999.6,0.8
2018,8,4,0,31.7,10.7,52,1000.3,1.5
2018,8,5,0,32.7,9.8,53,998.8,3.3
2018,8,6,0,33,12.9,49,996.8,2.5
2018,8,7,0,29.6,3,58,998.8,9.3
2018,8,8,0,30.2,10.9,52,994,2.3
2018,8,9,0,31.5,11.7,54,992.9,2.8
2018,8,10,0,30.8,3.6,61,996.4,9.3
2018,8,11,0,31.3,7.5,61,998.5,8.8
2018,8,12,74,28.2,3,74,1003.4,10
2018,8,13,1,29.6,6.5,70,1005.8,8.3
2018,8,14,0,30.2,8.1,65,1007.4,8.3
2018,8,15,5,26.9,0.4,79,1007.8,9.8
2018,8,16,2,27.9,2.4,74,1002.1,10
2018,8,17,0,26.5,13.1,38,1002.3,7
2018,8,18,0,25,9.2,50,1005.5,8.3
2018,8,19,0,25.5,10,52,1007.3,8.8
2018,8,20,2.5,26.2,2.3,65,1005.4,9.5
2018,8,21,0.5,28.9,6.8,70,1004.8,7.5
2018,8,22,0,30.4,10.2,60,1006.6,8
2018,8,23,21,28.8,6.6,67,1003.1,8
2018,8,24,18.5,28,0.2,79,1002.4,10
2018,8,25,0,29.8,5.5,70,1005.7,6.5
2018,8,26,0,31.1,12.3,57,1006.4,2.5
2018,8,27,0,31.1,11.8,52,1005.7,2.5
2018,8,28,0,29.5,2.9,58,1006.2,7.8
2018,8,29,0,30.1,9.5,59,1006.1,3.8
2018,8,30,0,29.7,7.9,61,1005.9,7.5
2018,8,31,3.5,28.6,4,69,1004.4,8
2018,9,1,14.5,24.5,0,85,1003.9,10
2018,9,2,1.5,25.6,5.6,72,1005.2,9.8
2018,9,3,3,26.7,8.6,68,1003.6,7.3
2018,9,4,45,25.8,0.3,83,993.4,9.8
2018,9,5,0.5,27.5,8.1,69,996.9,8
2018,9,6,0,26.6,4.2,66,1003,7.8
2018,9,7,8.5,26.6,2.3,78,1003.3,10
2018,9,8,5.5,26.2,1.4,74,1005.8,10
2018,9,9,27,26.2,2.3,80,1007.4,10
2018,9,10,18.5,23.7,0.2,85,1007,8
2018,9,11,9.5,22.4,1.2,76,1011.4,8
2018,9,12,1,21.3,0,82,1014,10
2018,9,13,0,23.3,1.8,68,1013,10
2018,9,14,21,22.3,0,87,1011.6,10
2018,9,15,10.5,22.5,0,92,1008,10
2018,9,16,7.5,25.9,4.3,73,1006.5,9.3
2018,9,17,0,26.3,6.5,59,1006.7,8
2018,9,18,0,25.1,11.1,53,1007.7,5
2018,9,19,0,24.1,10.9,51,1007,4.3
2018,9,20,36,20.2,0,81,1006.3,10
2018,9,21,6.5,20,0,91,1004.3,10
2018,9,22,4.5,23.5,5.3,73,1004.3,8.5
2018,9,23,0,24.3,9,63,1009.2,6.3
2018,9,24,0,25.4,4,63,1008.5,9.3
2018,9,25,6.5,21.1,0,73,1007.8,10
2018,9,26,45.5,20.6,2,69,1008.3,9.8
2018,9,27,10.5,19.3,2.9,76,1006.5,7.8
2018,9,28,0,21.2,11.5,58,1010.3,2.5
2018,9,29,29,18.7,0,85,1010.1,10
2018,9,30,53.5,21.8,0.3,88,991.5,10
2018,10,1,0.5,22.8,7.3,53,996.4,4.3
2018,10,2,0,20.2,8.8,56,1008.3,2.8
2018,10,3,0,21.1,6.9,56,1013.3,6.3
2018,10,4,0.5,20.3,0,71,1017.7,10
2018,10,5,0,23.4,1.4,71,1015.7,9.8
2018,10,6,3.5,25.3,2.9,81,1007.3,8.8
2018,10,7,0,24.4,9.3,64,1005.5,4.5
2018,10,8,0,22.4,11.2,56,1007.5,1
2018,10,9,0,22.3,10.8,60,1008.6,2.3
2018,10,10,3,21,2,78,1008.6,8.5
2018,10,11,0,20.1,0.6,78,1008.2,10
2018,10,12,0.5,18.5,3.1,51,1012,9.5
2018,10,13,0.5,18.4,2.1,54,1014.5,9.8
2018,10,14,2.5,18.9,3.8,70,1013.2,10
2018,10,15,1.5,16.8,0.1,82,1011.9,9
2018,10,16,0,16.7,0.2,70,1007.1,10
2018,10,17,0,18.6,8.4,57,1004.6,8.8
2018,10,18,0,18.7,9.4,60,1008.1,9.3
2018,10,19,0,18.6,4.6,66,1010.2,8.5
2018,10,20,0,16.7,6.1,55,1011.7,4.8
2018,10,21,0,16.7,10.7,48,1013.8,0
2018,10,22,0,16.9,9.6,54,1015.8,5
2018,10,23,1,16.3,0.6,57,1013.4,9
2018,10,24,1.5,18.4,8.8,61,1009.1,5
2018,10,25,0,17.6,10.4,50,1011.7,0.5
2018,10,26,2,17.7,6.7,66,1011.7,5
2018,10,27,6.5,18.1,3.5,70,1004.1,6.5
2018,10,28,0,15.3,9.8,56,1004.9,0.8
2018,10,29,0,15.4,8.9,58,1006.1,1.3
2018,10,30,0,15.1,8,55,1008.7,3
2018,10,31,0,13.3,3.8,58,1010.8,8.8
2018,11,1,0,13,7.4,51,1013.8,3.8
2018,11,2,0,14.3,10.2,47,1018.2,1.5
2018,11,3,0,15,1.7,53,1017.9,8
2018,11,4,5,14.6,0,82,1014.4,9.3
2018,11,5,1,17.3,1.7,82,1014,9.3
2018,11,6,25.5,17,0.6,88,1013.4,7.3
2018,11,7,0,17.1,8.9,64,1015.1,5.3
2018,11,8,0,17.7,8.8,69,1015.5,5.3
2018,11,9,10,17,0.6,88,1011.9,10
2018,11,10,1,17.1,9.9,58,1012.9,2.5
2018,11,11,0,14.6,9.8,52,1013.9,2
2018,11,12,0,15.6,3.2,55,1008.7,9.8
2018,11,13,0,15.6,2.7,55,1006.1,9.5
2018,11,14,0,14.1,8.4,49,1008.8,0.8
2018,11,15,0,13.2,10.1,47,1015,0.3
2018,11,16,0,12.6,5.7,59,1014.9,9.3
2018,11,17,0,14.8,9,53,1010.3,5.8
2018,11,18,0,13.6,5.3,51,1011.3,8.3
2018,11,19,0,13.7,0,52,1008.8,7.8
2018,11,20,0,12.2,9.8,38,1013.2,0
2018,11,21,0,11.4,7.3,44,1015.1,6.5
2018,11,22,0,12.2,2,52,1007.6,5.5
2018,11,23,0,9.2,9.3,57,1015.1,3.3
2018,11,24,0,8.8,9.8,56,1018.4,0.3
2018,11,25,0,9.8,8.9,58,1017.1,5.5
2018,11,26,0,11.9,4.5,62,1017.3,9.3
2018,11,27,0,14,9,58,1015.2,2.5
2018,11,28,1.5,13.8,5.3,60,1011.6,5.5
2018,11,29,0,12.6,9.3,52,1013.3,1
2018,11,30,0,10.6,4.3,54,1016.9,4
2018,12,1,0,10.9,4.8,56,1017.3,10
2018,12,2,0,10.8,3.2,55,1021.3,7.5
2018,12,3,3,12.8,0,84,1018.1,10
2018,12,4,3.5,15.6,0.2,92,1009.1,10
2018,12,5,0,15.7,7.3,54,1011.9,7.5
2018,12,6,7,12.3,0,72,1009.5,9.3
2018,12,7,0,11.9,1.2,58,1010.4,9.8
2018,12,8,0,6.9,3.6,58,1014.3,6.8
2018,12,9,0,5.3,6.6,59,1019,9
2018,12,10,0,5.3,3.3,52,1022.1,6.8
2018,12,11,9,6,3.4,59,1018.9,7.5
2018,12,12,9,9.3,5.7,66,1009.2,5.5
2018,12,13,0,7.7,9,45,1015.3,0.5
2018,12,14,0,6.4,9.3,48,1017.5,3
2018,12,15,0,5.2,8.1,44,1021.3,2.5
2018,12,16,3.5,5.6,4.6,53,1016.5,9.3
2018,12,17,9,8.6,5.9,71,1004,7
2018,12,18,0,7.5,5.6,59,1009.8,5.3
2018,12,19,0,7.7,5,63,1013.3,5.3
2018,12,20,0,8.7,2,73,1015.2,8.5
2018,12,21,3,9,9,61,1017.8,3
2018,12,22,10.5,10.3,0.2,85,1012.1,7
2018,12,23,0.5,10.8,0,80,1009.2,9
2018,12,24,0,8,9.2,44,1012.7,1.3
2018,12,25,0,5.8,9.5,50,1015.6,2.5
2018,12,26,0,7.4,2.6,63,1010.4,9.5
2018,12,27,0,7.6,5.7,55,1005.7,4.8
2018,12,28,0,2.9,7.8,54,1009,1.8
2018,12,29,2.5,1.5,1.8,75,1013.6,6.3
2018,12,30,0,2.6,8.9,54,1019.6,1
2018,12,31,0,3.6,5,50,1023.4,3.8
2019,1,1,0,4.4,8.9,56,1019.2,2.8
2019,1,2,0,6.3,8.9,53,1016.9,4.3
2019,1,3,0,5,9.4,55,1019.9,3.3
2019,1,4,0,5.1,9.3,49,1021.2,2.5
2019,1,5,0,6.6,2,66,1011.9,7.3
2019,1,6,0,4.9,5.3,45,1013.6,5.8
2019,1,7,0,5.2,9.2,48,1015.4,2
2019,1,8,0,6.6,4.1,57,1012.3,7
2019,1,9,0,4,6.9,50,1016.3,1.3
2019,1,10,0,1.8,0.2,50,1014.7,7.5
2019,1,11,0,6.2,7.4,48,1013.5,6.5
2019,1,12,0,5.2,0.2,47,1011.8,7.8
2019,1,13,0,6.3,9.7,50,1011.7,0
2019,1,14,0,6,9.7,49,1015.6,0.8
2019,1,15,0.5,5,1.2,65,1013.6,8.8
2019,1,16,0,6.2,7.6,61,1009,2.5
2019,1,17,0,6,5.8,58,1008.8,9.5
2019,1,18,0,5.1,8.3,46,1014.6,1
2019,1,19,0,5.6,9.2,54,1016.1,2.5
2019,1,20,1,5.8,0.7,75,1005.2,7.8
2019,1,21,0,4.9,3.3,60,1007.4,6
2019,1,22,0,6.1,6.1,54,1008.2,5
2019,1,23,0,5.2,6.4,55,1008.8,2.8
2019,1,24,0,5.2,8,45,1010.9,2.5
2019,1,25,0,4.4,4.9,44,1010.1,7.8
2019,1,26,0,3,8.2,58,1004.6,5.5
2019,1,27,0,3.5,9.7,50,1014.1,2.8
2019,1,28,0,3.7,1.7,61,1010.7,9.5
2019,1,29,0,4.2,8.4,50,1015.1,0.8
2019,1,30,0,4.6,9.8,45,1017.2,4.3
2019,1,31,13,5,0,67,1004.6,10
2019,2,1,0,3.8,9.5,43,1008.9,0.8
2019,2,2,0,5.3,8.6,54,1015.1,2.3
2019,2,3,9.5,5.6,3.1,72,1012.8,5.8
2019,2,4,1,9,5.5,60,1008.7,4
2019,2,5,0,7.7,9.9,42,1016,0.5
2019,2,6,1,7,3.1,68,1010.1,5.8
2019,2,7,0,8.9,4.5,68,1007.6,8.5
2019,2,8,0,6.6,7.3,38,1010.1,5.8
2019,2,9,0,4,0.8,44,1010.4,10
2019,2,10,0,4.2,8.2,40,1017.8,5
2019,2,11,0,4.7,0,52,1017.6,9.5
2019,2,12,0,5.6,6.7,54,1019.7,4.5
2019,2,13,0,6.1,5.8,53,1017.8,7.3
2019,2,14,0,4.4,5.3,43,1019.3,7.3
2019,2,15,0,4,2.9,39,1016.7,7.3
2019,2,16,0,7.2,5.7,46,1006.7,8.8
2019,2,17,0,5.7,9.6,37,1012.1,1.8
2019,2,18,0,7,10,46,1018,3
2019,2,19,21.5,7.5,0,79,1014.5,10
2019,2,20,0,11.2,4,72,1009,7.3
2019,2,21,0,8.3,9.7,46,1013.4,2.3
2019,2,22,0,8.5,5.5,51,1011.3,9.5
2019,2,23,0,9.3,10,37,1008.6,3.5
2019,2,24,0,9.1,6.6,41,1015.8,10
2019,2,25,0,11.9,7.1,43,1010.1,8.3
2019,2,26,0,9.9,10.3,40,1011.7,2.5
2019,2,27,0,8.7,1.4,40,1015.7,9.3
2019,2,28,23.5,9.5,0,76,1006.7,8
2019,3,1,0,10.4,10.1,49,1009,2.8
2019,3,2,0,9.9,10,31,1011.8,4.3
2019,3,3,0.5,9.8,0,59,1006.8,10
2019,3,4,9.5,10.3,0.9,76,998.2,8.3
2019,3,5,0,11.7,9.8,40,1011.1,4.3
2019,3,6,8,11.5,0.8,66,1009.4,10
2019,3,7,1.5,10.3,8.4,60,999.5,6.3
2019,3,8,0,7.7,10.8,40,1014.4,0.3
2019,3,9,0,8.9,10.9,49,1019.1,4.3
2019,3,10,28,9.8,0.7,82,1008.8,10
2019,3,11,13,11.1,4.5,76,994.8,8
2019,3,12,0.5,10.1,4.6,62,1001.6,5
2019,3,13,0,7.3,6.6,63,1005.7,7.5
2019,3,14,0,6.1,6.7,57,1014.4,5.8
2019,3,15,0,7.9,8.9,50,1013.6,3.8
2019,3,16,0,9,9,51,1007.5,3.8
2019,3,17,1,5.8,3.6,57,1012.7,5.3
2019,3,18,0,8.2,10.2,43,1015.9,4.8
2019,3,19,0,11,1.5,52,1009.8,10
2019,3,20,0,14,9.6,46,1011,5
2019,3,21,7,15.4,0,81,1002.7,10
2019,3,22,0,12.8,9.1,51,1001.7,9.5
2019,3,23,0,7.3,4.6,33,1007.2,5.8
2019,3,24,0,7.2,10.7,42,1011.5,2
2019,3,25,0,9.8,6.8,40,1012.1,6
2019,3,26,0,12.3,8.3,41,1006.4,8
2019,3,27,0,13.5,9.7,35,1008,5
2019,3,28,0,13,6.1,41,1003.7,10
2019,3,29,0,11.5,7.7,38,1008.2,8.8
2019,3,30,9.5,11.7,0,71,1005.2,10
2019,3,31,1.5,9.1,5.5,63,1004.2,4.8
2019,4,1,0,8,11.1,54,1007.9,7.3
2019,4,2,0,6.3,8.5,52,1011.5,1.8
2019,4,3,0,7.2,11.1,44,1013.3,0.8
2019,4,4,0,10,11.8,40,1010.2,1.3
2019,4,5,0,14,9.8,36,1002.8,9
2019,4,6,0,15.8,9,33,1003,3
2019,4,7,0,16.2,9.9,35,1001.7,2.8
2019,4,8,5.5,14.3,7.9,50,1001.7,4.8
2019,4,9,0,12.5,11.7,30,1010.5,3.5
2019,4,10,29,8.9,0,81,1001.2,10
2019,4,11,0,11.6,11,41,1001.9,6.5
2019,4,12,0,12.1,6.6,33,1008.2,8.5
2019,4,13,0,12.6,10.2,41,1015.1,4.5
2019,4,14,16.5,13.9,1,65,1011.1,9.8
2019,4,15,1,13.4,11.9,46,1007.1,3.8
2019,4,16,0,13.9,11.2,42,1012.5,5
2019,4,17,13,12.9,0,79,1009.4,10
2019,4,18,0,16.4,10.6,63,1005.8,4.3
2019,4,19,0,16.6,4.7,53,1006.5,9.3
2019,4,20,0,15.5,10.6,50,1008.5,2.3
2019,4,21,0,17.8,6.1,65,1006.7,7.5
2019,4,22,0,21,11.1,52,1006.7,5.5
2019,4,23,0,19.6,5.3,55,1012.7,7.8
2019,4,24,11.5,18.4,0,86,1007.9,10
2019,4,25,5,20.5,3.3,78,997.9,9.5
2019,4,26,2,18.4,4.1,65,997.4,8
2019,4,27,0,12.4,12.8,42,1005.3,3.3
2019,4,28,0,12.7,7.8,42,1014.9,7.8
2019,4,29,5,15.4,0,64,1013.7,10
2019,4,30,29,15.5,0,91,1002.9,10
2019,5,1,4.5,16.4,0,87,995.5,10
2019,5,2,0,18.1,11.6,43,1002,2.3
2019,5,3,0,19.7,11.2,37,1008,8
2019,5,4,0,20.4,13,37,1010.3,0.8
2019,5,5,0,19.8,11.6,54,1013,9.5
2019,5,6,7,18.5,7.6,63,1007,10
2019,5,7,0,15.1,13.4,35,1005.2,0.5
2019,5,8,0,16.2,12.5,32,1007.1,4.3
2019,5,9,0,17.4,2.7,46,1004.5,7.5
2019,5,10,0,19.8,11.5,40,1005.8,8.8
2019,5,11,0,21.6,12.6,43,1006.4,3.5
2019,5,12,0,21.7,12.2,51,1008.2,8.3
2019,5,13,0,21.5,8.2,62,1010.6,8.3
2019,5,14,18.5,17.9,0,80,1010.7,10
2019,5,15,0,19.6,7.6,64,1009.3,10
2019,5,16,0,20.8,8.9,57,1008.7,8
2019,5,17,0,21.5,9.1,55,1011.9,8.8
2019,5,18,0,21,4.3,51,1013.9,10
2019,5,19,0,20.9,8,51,1013.5,8.8
2019,5,20,1.5,20,1.4,63,1006.5,10
2019,5,21,72,20.2,6.9,62,996,8.3
2019,5,22,0,20.9,12.7,29,999.4,5.5
2019,5,23,0,21.7,13.5,33,1002.6,0.5
2019,5,24,0,24.1,13.4,30,1005.2,0.3
2019,5,25,0,25.5,13.4,28,1009.4,1
2019,5,26,0,26.1,11.7,38,1010.8,6
2019,5,27,0,25.8,9.5,43,1007.3,9.8
2019,5,28,39,19.6,0,83,1002.7,10
2019,5,29,3.5,19.8,5.6,49,1000.2,10
2019,5,30,0,20.3,13.2,44,1006.4,4.8
2019,5,31,0,21,0.4,63,1004.5,10
2019,6,1,0,22.5,11.7,52,1003.1,9.3
2019,6,2,0,21.5,0,64,1003.9,10
2019,6,3,0,22.7,9.3,61,1003.4,10
2019,6,4,0,23.5,7.9,60,1005.4,9.5
2019,6,5,0,24.2,4.7,59,1004.2,6.3
2019,6,6,0,26.2,10.7,43,1005,7.5
2019,6,7,51.5,20.5,0,64,999.6,10
2019,6,8,0,21.9,5.2,66,994.8,10
2019,6,9,6,18.7,0,89,999,10
2019,6,10,16.5,19.1,0.2,95,996.7,8.3
2019,6,11,3.5,21,9,80,998.6,8.8
2019,6,12,0,20.6,5.2,77,1001.1,7.3
2019,6,13,0,22.4,12,70,1005.6,5.3
2019,6,14,1,22.7,6.8,67,1004.2,9.3
2019,6,15,21,20,0.1,88,988.3,10
2019,6,16,1,20.4,5.4,72,993,7.5
2019,6,17,0,21.9,12.7,57,1003.7,6.3
2019,6,18,0,22.8,8.1,63,1005.2,7.8
2019,6,19,0,24.2,11.2,63,1000.3,4.5
2019,6,20,0,25.9,12.4,61,998.9,1.5
2019,6,21,0,25.3,4.7,70,1001.6,10
2019,6,22,0,25.2,4.5,65,997.1,8.8
2019,6,23,1.5,24.4,4.6,60,998.1,9.3
2019,6,24,2,24.1,7.8,60,1002.9,6.3
2019,6,25,0,24.8,13.9,59,1009.6,0.8
2019,6,26,0,25.2,7.4,65,1008.9,9
2019,6,27,32,24.2,0,88,1001.7,10
2019,6,28,3.5,25.1,2.8,87,996,8.5
2019,6,29,2,26.6,0.2,83,995.5,10
2019,6,30,30.5,25,0,97,994,10
2019,7,1,10.5,24.3,1.1,89,998.7,10
2019,7,2,1,25,0.5,81,1002.2,10
2019,7,3,6.5,24.8,0.6,86,1003.2,10
2019,7,4,24.5,25.7,2.1,81,997.7,9
2019,7,5,0.5,24.1,0,79,997.7,9.8
2019,7,6,4.5,23.7,3,82,996.2,10
2019,7,7,0.5,26,5.8,72,997.6,10
2019,7,8,0,25,4.1,72,1000.6,9.8
2019,7,9,0,23.8,0.2,75,1001.4,10
2019,7,10,0,24,1.8,71,1004.2,9.8
2019,7,11,24.5,21.1,0,92,1005.2,10
2019,7,12,6.5,24.4,5.2,80,999.3,9.5
2019,7,13,15,24.1,0.2,77,997.8,9.8
2019,7,14,13,23.5,0.1,90,994.6,10
2019,7,15,13.5,24.2,0.2,90,999.3,10
2019,7,16,6.5,24.1,0.1,89,1004.9,10
2019,7,17,24,25.8,6.4,82,1006.9,9
2019,7,18,27.5,25.3,0,89,1006.7,10
2019,7,19,14,24.9,0.3,92,1007.4,10
2019,7,20,1,26,0,88,1008.5,10
2019,7,21,0,26.7,0,84,1007.6,10
2019,7,22,36,25.3,0,94,1003.3,10
2019,7,23,0,27.7,7.8,77,999.1,6.8
2019,7,24,0,29.2,11.8,68,1000.3,6
2019,7,25,0,28.8,7.7,74,1003.5,7.3
2019,7,26,12,28.5,9.9,73,1003.8,8
2019,7,27,42,25.2,0,95,1001.8,9.8
2019,7,28,0,28.7,8.5,77,1006.4,7.3
2019,7,29,0,30.2,6.9,73,1006.1,7.3
2019,7,30,0,30.6,6.1,72,1004.8,7.8
2019,7,31,0,31.5,11.7,67,1005.1,4.5
2019,8,1,0,31.8,11.3,66,1005.1,3
2019,8,2,0,30.6,10.1,73,1005.2,5
2019,8,3,0,29.9,10.3,70,1005.4,5.3
2019,8,4,0,29.9,7.6,69,1005.2,8.5
2019,8,5,0,30.8,12.4,66,1004.8,4.5
2019,8,6,0,30.3,8.5,70,1005.4,8.8
2019,8,7,0,30.4,10.5,70,1004.7,5.3
2019,8,8,0,30.3,12.1,69,1003.9,5.3
2019,8,9,0,30.4,9.9,69,1002.4,7.5
2019,8,10,0,30.6,12,66,1001.9,6.5
2019,8,11,0,30.4,10.4,69,1001.4,6.8
2019,8,12,0,30.9,10.8,66,1000,6
2019,8,13,0,31.8,10.4,64,997.8,4.3
2019,8,14,0.5,30.1,3.6,73,996.3,9
2019,8,15,31.5,28.6,1.9,82,990.6,10
2019,8,16,56.5,28.8,1.9,83,991.2,9.5
2019,8,17,0,30.1,7.4,71,996.8,4.8
2019,8,18,0,30.3,9.6,67,1000.4,4
2019,8,19,1,29,5.4,73,1003.9,6.5
2019,8,20,0,28.4,2,81,1004,10
2019,8,21,0,29.3,4.5,76,1003,9
2019,8,22,0.5,29.9,6,72,1002.4,9.5
2019,8,23,26.5,24.4,0,91,1001.8,10
2019,8,24,1.5,26.5,6.9,73,1003.2,9.3
2019,8,25,0,27.2,10.5,60,1004.2,4.8
2019,8,26,0,27.2,12.2,58,1005.9,2.8
2019,8,27,27.5,24.7,0.6,81,1006.7,8.5
2019,8,28,15.5,24.9,0,93,1002.7,10
2019,8,29,5,28.3,7.7,75,1002.3,9.5
2019,8,30,36.5,25.3,0.3,95,1002.7,10
2019,8,31,1.5,26.2,3.4,78,1006.8,9
2019,9,1,0,26.8,3.5,71,1011.2,9
2019,9,2,0,28.1,7.8,71,1011.1,7.8
2019,9,3,0,28.6,6.7,74,1009.4,7
2019,9,4,13.5,26.5,1.9,86,1010,10
2019,9,5,14,26.3,1.1,86,1010.8,9.3
2019,9,6,1,28,10.1,76,1009.5,7.5
2019,9,7,0,28.7,10.2,70,1007.6,5.3
2019,9,8,0,30.1,9.5,66,1002.7,5.5
2019,9,9,0,31.9,10.6,57,1002.4,6.8
2019,9,10,0,31.3,8.9,64,1006.3,4
2019,9,11,0,29.6,4.6,72,1006,8.8
2019,9,12,0,27.3,7.3,62,1005.7,6.8
2019,9,13,0,24.8,0,67,1007.2,9.8
2019,9,14,0,25.6,4,65,1006.2,6.3
2019,9,15,0,28,11.7,63,1001.1,1.8
2019,9,16,0,28.8,11.6,58,995.5,3.3
2019,9,17,0,28.2,4.7,62,1001.5,8.3
2019,9,18,2.5,24.6,1.6,75,1003.6,8
2019,9,19,0,24.4,11.1,49,1006.4,3.8
2019,9,20,0.5,23.2,8,63,1009.6,7.3
2019,9,21,2,21.7,0,81,1012.8,10
2019,9,22,2,24.1,0.9,76,1008,9.3
2019,9,23,2,26.9,2.9,75,1002.3,7
2019,9,24,0,23.4,3.2,71,1007,6.5
2019,9,25,0,24.4,10.8,61,1012.6,5.3
2019,9,26,0,25,7.8,68,1017.9,6.8
2019,9,27,0,25.6,3.6,68,1018.9,9.5
2019,9,28,0,25.1,0.6,68,1015.4,8.8
2019,9,29,0,26.5,7.2,61,1009.3,9.8
2019,9,30,1.5,27.1,5.3,70,1009.3,8.8
2019,10,1,1,26.2,6,74,1012.9,8.5
2019,10,2,0,25.3,0.9,68,1012.8,10
2019,10,3,10.5,24.4,1.6,75,1006.8,10
2019,10,4,10,23.4,7.8,76,1001.4,5.5
2019,10,5,0,23.2,11.2,65,1004.3,3.5
2019,10,6,0,23.1,9.7,58,1010.3,5
2019,10,7,0,20.3,0.7,75,1013.3,9.8
2019,10,8,0,20.8,0,80,1006.1,9
2019,10,9,0,20.3,11.1,47,1009.2,2.8
2019,10,10,0,22.2,9.7,60,1008.9,3.3
2019,10,11,3.5,25.4,0.9,66,1003,10
2019,10,12,74.5,22.1,0,87,985.7,10
2019,10,13,0,22.1,11,61,1004.6,2
2019,10,14,6,18.6,0,85,1012,9.3
2019,10,15,0,18.7,10.4,60,1014.5,3
2019,10,16,0,17.5,7.5,55,1016.8,6
2019,10,17,0,19.1,0.3,67,1016.5,7.8
2019,10,18,45.5,18.4,0,97,1015.5,10
2019,10,19,15,19.1,0,97,1009,10
2019,10,20,0,20.6,5.9,69,1010.3,9.8
2019,10,21,36.5,19.2,0,83,1009.6,10
2019,10,22,16.5,19.4,6.2,78,1004.3,7.5
2019,10,23,0,20.3,8.6,69,1009.3,7.3
2019,10,24,6.5,19.4,0,86,1011.9,10
2019,10,25,124,16.4,0.2,97,1004.2,7.8
2019,10,26,0,18.4,4.5,78,1005.4,7.5
2019,10,27,0,18.6,6.1,69,1006.8,9
2019,10,28,0,18.1,9.2,62,1010.5,7.8
2019,10,29,7,15.4,0,92,1009.4,7.8
2019,10,30,0,16.6,8.9,77,1011.8,4.8
2019,10,31,0,16.6,8.6,74,1012.7,3.8
2019,11,1,0,16.9,9.4,66,1011.1,0.3
2019,11,2,0,16,9.3,63,1012.8,4.8
2019,11,3,0,16.4,4,70,1009,10
2019,11,4,0,15.3,10,55,1008.6,1.3
2019,11,5,0,13.5,10.3,57,1009.5,0
2019,11,6,0,14.3,10.2,62,1008.4,0
2019,11,7,0,14.7,7.3,66,1007.5,7
2019,11,8,0,14.6,10.1,49,1009.3,0.3
2019,11,9,0,14,10,45,1008.7,0
2019,11,10,0,14.1,8.7,54,1007.9,4.5
2019,11,11,3.5,13.2,2.7,82,1003.3,4.8
2019,11,12,0,15,10.1,61,1009.5,2.8
2019,11,13,0.5,15,3.2,64,1011.9,7
2019,11,14,3,13.3,6.8,73,1007.8,6.3
2019,11,15,0,11.1,9.9,61,1011.9,0.3
2019,11,16,0,12.3,8.5,67,1012.4,4.5
2019,11,17,0,13.9,8.7,61,1016.2,6.5
2019,11,18,4,16.6,3.5,74,1010.4,9.3
2019,11,19,1,13.1,8.6,66,1007.9,5.8
2019,11,20,0,10.4,9.8,53,1016,1.8
2019,11,21,0,9.8,9.8,55,1023.4,0.3
2019,11,22,2.5,10.8,0,80,1021.4,9.8
2019,11,23,0,15,9.3,77,1016.9,2.8
2019,11,24,0,16.4,1.6,79,1012.1,10
2019,11,25,0,15.6,3,78,1011.3,5.8
2019,11,26,2.5,11.5,0,69,1019.3,10
2019,11,27,1,12.6,0.9,84,1014.9,10
2019,11,28,0,10.5,0,56,1013.5,8.3
2019,11,29,0,8.1,9.7,45,1018.1,0.5
2019,11,30,0,7.7,9.7,54,1021.4,2
2019,12,1,0,10.5,9.2,60,1018.7,5.5
2019,12,2,19.5,11.5,0,87,1005.9,9.8
2019,12,3,0,9.1,7.5,67,1011.6,4.8
2019,12,4,0,7.8,6.3,73,1016.1,4.5
2019,12,5,0,6.9,2.6,78,1018.3,7.5
2019,12,6,0,6.9,2,62,1019.7,9.5
2019,12,7,0,6.3,0,60,1017,9.3
2019,12,8,0,8.2,9.5,64,1016.3,0
2019,12,9,0,9.1,2.1,66,1018.1,8.8
2019,12,10,0,12,7.2,70,1015.2,6
2019,12,11,0,11,4,73,1009.8,6
2019,12,12,0,8.9,3.2,70,1012,2
2019,12,13,0,7.3,7.9,61,1019.3,5.3
2019,12,14,0,7.7,5.1,68,1016.3,4
2019,12,15,0,7.9,7.1,50,1019.7,6.3
2019,12,16,0,9.4,3.6,64,1019.4,9.3
2019,12,17,10.5,11.3,0,94,1011,10
2019,12,18,3,12.5,2.3,81,1007.4,6.3
2019,12,19,0,9.3,0.2,65,1011.6,7.5
2019,12,20,0,10.1,8.2,64,1014.7,7.3
2019,12,21,0,8.4,3.5,68,1017.9,8
2019,12,22,12.5,7.4,0,77,1011,10
2019,12,23,0.5,9.1,8.8,76,1009.1,6.3
2019,12,24,0,8.9,7.3,61,1015.8,7.8
2019,12,25,0,7.9,9,60,1017.2,5.8
2019,12,26,2.5,9.2,0,74,1005.3,10
2019,12,27,8,8.4,7.2,67,1003.4,5.3
2019,12,28,0,6.2,9.3,51,1018,0.3
2019,12,29,0,6.8,6.8,57,1022.2,5.3
2019,12,30,11.5,7.5,0,93,1016.7,10
2019,12,31,0,8,4.2,72,1011.4,5.5
2020,1,1,0,5.3,5.1,59,1017.9,5.3
2020,1,2,0,7.6,4.9,71,1016.7,8.8
2020,1,3,0,8.1,3,73,1012.7,7
2020,1,4,0,7.7,3,73,1009.8,10
2020,1,5,0,5.8,9.3,58,1017.5,0.8
2020,1,6,0,6.1,7.6,54,1019.9,5
2020,1,7,11.5,5.6,0,83,1016.2,8.3
2020,1,8,22,10.6,3.4,81,999.4,8.5
2020,1,9,0,10,8.6,59,1006.7,3.8
2020,1,10,0,8.6,9.2,64,1009.9,2.8
2020,1,11,0,6.8,7.5,64,1009.2,3.5
2020,1,12,0,6.2,0.5,72,1004.8,7.3
2020,1,13,0,8,5.9,65,1008.2,6
2020,1,14,1,6.7,5.9,68,1014.5,8